image_id,file_name,mean_score,category,score_range,split
496060,496060.jpg,3.9157088122605366,Nature,low_score,train
13552,13552.jpg,3.911602209944751,Travel,low_score,train
688020,688020.jpg,3.8967391304347827,Landscape,low_score,train
100436,100436.jpg,3.484076433121019,Architecture,low_score,train
199874,199874.jpg,3.982394366197183,Nature,low_score,train
532765,532765.jpg,3.914473684210526,Nature,low_score,train
27771,27771.jpg,3.8346456692913384,Sky,low_score,train
59475,59475.jpg,3.796153846153846,Sky,low_score,train
254842,254842.jpg,3.7873563218390807,Landscape,low_score,train
298429,298429.jpg,3.202127659574468,Architecture,low_score,train
311770,311770.jpg,3.9345794392523366,Nature,low_score,train
291453,291453.jpg,3.75975975975976,Landscape,low_score,train
260329,260329.jpg,3.2155172413793105,Nature,low_score,train
447061,447061.jpg,3.0642857142857145,Rural,low_score,train
261257,261257.jpg,3.4844961240310077,Nature,low_score,train
101602,101602.jpg,3.94375,Nature,low_score,train
30741,30741.jpg,3.930131004366812,Landscape,low_score,train
111417,111417.jpg,3.902877697841727,Rural,low_score,train
516388,516388.jpg,3.850220264317181,Nature,low_score,train
255373,255373.jpg,3.3322981366459627,Landscape,low_score,train
282357,282357.jpg,3.925373134328358,Rural,low_score,train
275950,275950.jpg,3.176,Rural,low_score,train
45328,45328.jpg,3.922374429223744,Nature,low_score,train
36747,36747.jpg,3.6666666666666665,Nature,low_score,train
305026,305026.jpg,3.5549450549450547,Transportation,low_score,train
249266,249266.jpg,2.4754098360655736,Nature,low_score,train
19771,19771.jpg,3.975845410628019,Travel,low_score,train
113600,113600.jpg,3.388392857142857,Nature,low_score,train
505880,505880.jpg,3.7417218543046356,Nature,low_score,train
306943,306943.jpg,3.983739837398374,Landscape,low_score,train
110033,110033.jpg,3.9310344827586206,Rural,low_score,train
161062,161062.jpg,3.65993265993266,Sky,low_score,train
364943,364943.jpg,3.7282229965156795,Nature,low_score,train
101533,101533.jpg,3.8509316770186337,Landscape,low_score,train
221667,221667.jpg,3.94910941475827,Landscape,low_score,train
447206,447206.jpg,3.1153846153846154,Landscape,low_score,train
362168,362168.jpg,3.4545454545454546,Architecture,low_score,train
139945,139945.jpg,3.513986013986014,Nature,low_score,train
541371,541371.jpg,3.9714285714285715,Nature,low_score,train
403329,403329.jpg,3.597560975609756,Landscape,low_score,train
59013,59013.jpg,3.9562841530054644,Nature,low_score,train
205595,205595.jpg,3.7604562737642584,Landscape,low_score,train
190993,190993.jpg,3.808664259927798,Landscape,low_score,train
244895,244895.jpg,3.669090909090909,Nature,low_score,train
160865,160865.jpg,3.9644128113879002,Sky,low_score,train
146018,146018.jpg,3.412280701754386,Architecture,low_score,train
245348,245348.jpg,3.7870722433460076,Nature,low_score,train
184905,184905.jpg,3.807017543859649,Transportation,low_score,train
29429,29429.jpg,3.900398406374502,Architecture,low_score,train
14417,14417.jpg,3.5384615384615383,Landscape,low_score,train
38325,38325.jpg,3.547945205479452,Landscape,low_score,train
638337,638337.jpg,3.648936170212766,Architecture,low_score,train
36879,36879.jpg,3.9863013698630136,Nature,low_score,train
47782,47782.jpg,3.888888888888889,Landscape,low_score,train
10159,10159.jpg,3.7795698924731185,Travel,low_score,train
36412,36412.jpg,3.3541666666666665,Landscape,low_score,train
403161,403161.jpg,3.871345029239766,Architecture,low_score,train
210855,210855.jpg,3.9583333333333335,Architecture,low_score,train
379876,379876.jpg,3.7991967871485945,Landscape,low_score,train
117222,117222.jpg,3.3403361344537816,Landscape,low_score,train
31491,31491.jpg,3.752173913043478,Landscape,low_score,train
45034,45034.jpg,3.713004484304933,Architecture,low_score,train
43176,43176.jpg,3.7280701754385963,Nature,low_score,train
594,594.jpg,3.059880239520958,Sky,low_score,train
163418,163418.jpg,3.185053380782918,Travel,low_score,train
115945,115945.jpg,3.82312925170068,Nature,low_score,train
59054,59054.jpg,3.7027027027027026,Architecture,low_score,train
444880,444880.jpg,3.2311111111111113,Nature,low_score,train
28353,28353.jpg,3.232673267326733,Nature,low_score,train
119647,119647.jpg,2.919254658385093,Travel,low_score,train
689456,689456.jpg,3.8324022346368714,Landscape,low_score,train
309087,309087.jpg,3.5213270142180093,Landscape,low_score,train
397946,397946.jpg,3.982532751091703,Transportation,low_score,train
209272,209272.jpg,3.1924528301886794,Nature,low_score,train
200434,200434.jpg,3.888888888888889,Architecture,low_score,train
270649,270649.jpg,3.255813953488372,Nature,low_score,train
59495,59495.jpg,3.6911764705882355,Sky,low_score,train
38759,38759.jpg,3.9779735682819384,Travel,low_score,train
165934,165934.jpg,3.8609271523178808,Architecture,low_score,train
10573,10573.jpg,3.764705882352941,Sky,low_score,train
32065,32065.jpg,2.9,Landscape,low_score,train
400874,400874.jpg,3.848297213622291,Rural,low_score,train
45401,45401.jpg,3.517857142857143,Landscape,low_score,train
299501,299501.jpg,3.3761194029850747,Nature,low_score,train
683938,683938.jpg,3.747311827956989,Architecture,low_score,train
118003,118003.jpg,3.155440414507772,Landscape,low_score,train
101516,101516.jpg,3.872670807453416,Nature,low_score,train
236244,236244.jpg,3.6412556053811658,Nature,low_score,train
26012,26012.jpg,3.991228070175439,Rural,low_score,train
214193,214193.jpg,3.645390070921986,Landscape,low_score,train
101275,101275.jpg,3.8923076923076922,Landscape,low_score,train
199314,199314.jpg,3.6265560165975104,Nature,low_score,train
27069,27069.jpg,2.6738197424892705,Performance,low_score,train
300936,300936.jpg,3.691943127962085,Sky,low_score,train
635021,635021.jpg,3.8558951965065504,Architecture,low_score,train
23508,23508.jpg,3.4651162790697674,Rural,low_score,train
599842,599842.jpg,3.981132075471698,Nature,low_score,train
303983,303983.jpg,3.98576512455516,Performance,low_score,train
377442,377442.jpg,3.8789237668161434,Landscape,low_score,train
11285,11285.jpg,3.9842931937172774,Travel,low_score,train
278744,278744.jpg,3.717889908256881,Nature,low_score,train
237043,237043.jpg,3.152892561983471,Nature,low_score,train
244892,244892.jpg,3.40893470790378,Nature,low_score,train
227126,227126.jpg,3.7909407665505226,Landscape,low_score,train
198855,198855.jpg,3.9864864864864864,Nature,low_score,train
54977,54977.jpg,3.297071129707113,Architecture,low_score,train
25578,25578.jpg,3.9833333333333334,Rural,low_score,train
526288,526288.jpg,3.75,Rural,low_score,train
144905,144905.jpg,3.8825396825396825,Sky,low_score,train
548095,548095.jpg,3.895104895104895,Landscape,low_score,train
281445,281445.jpg,3.3676470588235294,Landscape,low_score,train
575927,575927.jpg,3.654255319148936,Sky,low_score,train
649013,649013.jpg,3.9705882352941178,Landscape,low_score,train
23337,23337.jpg,3.9140625,Performance,low_score,train
101680,101680.jpg,3.978787878787879,Rural,low_score,train
19580,19580.jpg,3.7202380952380953,Landscape,low_score,train
10287,10287.jpg,3.972972972972973,Travel,low_score,train
65258,65258.jpg,3.796875,Architecture,low_score,train
252311,252311.jpg,2.951492537313433,Architecture,low_score,train
183009,183009.jpg,3.836734693877551,Landscape,low_score,train
475245,475245.jpg,3.8435754189944134,Landscape,low_score,train
146162,146162.jpg,3.4696485623003195,Nature,low_score,train
381120,381120.jpg,3.858064516129032,Sky,low_score,train
288838,288838.jpg,3.971014492753623,Nature,low_score,train
61115,61115.jpg,3.907063197026022,Landscape,low_score,train
692830,692830.jpg,3.4739583333333335,Landscape,low_score,train
26102,26102.jpg,3.4212962962962963,Landscape,low_score,train
217790,217790.jpg,3.9761092150170647,Landscape,low_score,train
62989,62989.jpg,3.8541666666666665,Landscape,low_score,train
455015,455015.jpg,3.585714285714286,Nature,low_score,train
417083,417083.jpg,3.111111111111111,Landscape,low_score,train
522887,522887.jpg,3.855769230769231,Landscape,low_score,train
366032,366032.jpg,3.6619047619047618,Sky,low_score,train
637455,637455.jpg,3.772020725388601,Architecture,low_score,train
68003,68003.jpg,3.9887640449438204,Landscape,low_score,train
194213,194213.jpg,3.431654676258993,Nature,low_score,train
36725,36725.jpg,3.8783783783783785,Nature,low_score,train
62892,62892.jpg,3.701195219123506,Rural,low_score,train
439589,439589.jpg,3.850515463917526,Nature,low_score,train
26980,26980.jpg,2.665236051502146,Sky,low_score,train
307971,307971.jpg,3.665137614678899,Performance,low_score,train
18820,18820.jpg,3.875,Nature,low_score,train
362144,362144.jpg,3.717948717948718,Transportation,low_score,train
679509,679509.jpg,3.978021978021978,Sky,low_score,train
209528,209528.jpg,3.9711191335740073,Nature,low_score,train
101487,101487.jpg,3.9842767295597485,Travel,low_score,train
298085,298085.jpg,3.882978723404255,Landscape,low_score,train
30174,30174.jpg,3.8761061946902653,Architecture,low_score,train
189598,189598.jpg,3.8233333333333333,Nature,low_score,train
66771,66771.jpg,3.7989130434782608,Nature,low_score,train
388969,388969.jpg,3.904564315352697,Nature,low_score,train
301743,301743.jpg,3.8363636363636364,Performance,low_score,train
31240,31240.jpg,3.3733905579399144,Nature,low_score,train
44491,44491.jpg,3.6406926406926408,Nature,low_score,train
30345,30345.jpg,3.0125,Travel,low_score,train
403143,403143.jpg,3.8385416666666665,Nature,low_score,train
646348,646348.jpg,3.40990990990991,Nature,low_score,train
23710,23710.jpg,2.289719626168224,Architecture,low_score,train
387867,387867.jpg,3.816,Rural,low_score,train
105871,105871.jpg,3.471111111111111,Transportation,low_score,train
313049,313049.jpg,3.386046511627907,Performance,low_score,train
231233,231233.jpg,2.7888446215139444,Performance,low_score,train
377470,377470.jpg,3.8883495145631066,Performance,low_score,train
115186,115186.jpg,3.3349514563106797,Architecture,low_score,train
58455,58455.jpg,3.7125,Nature,low_score,train
50668,50668.jpg,3.888888888888889,Nature,low_score,train
440634,440634.jpg,3.8448275862068964,Landscape,low_score,train
257179,257179.jpg,3.895104895104895,Architecture,low_score,train
309545,309545.jpg,3.9952153110047846,Performance,low_score,train
319348,319348.jpg,3.7053941908713695,Transportation,low_score,train
624,624.jpg,3.7261904761904763,Architecture,low_score,train
390619,390619.jpg,3.8514851485148514,Rural,low_score,train
249541,249541.jpg,3.7586206896551726,Nature,low_score,train
64322,64322.jpg,3.141263940520446,Sky,low_score,train
255048,255048.jpg,3.9550898203592815,Landscape,low_score,train
171098,171098.jpg,3.704225352112676,Nature,low_score,train
168458,168458.jpg,4.0,Landscape,low_score,train
59423,59423.jpg,3.667924528301887,Nature,low_score,train
101868,101868.jpg,3.9363057324840764,Landscape,low_score,train
439702,439702.jpg,3.6492890995260665,Nature,low_score,train
188587,188587.jpg,3.6503759398496243,Nature,low_score,train
615074,615074.jpg,3.948186528497409,Nature,low_score,train
144358,144358.jpg,3.1174603174603175,Nature,low_score,train
284904,284904.jpg,3.962962962962963,Nature,low_score,train
558729,558729.jpg,3.460122699386503,Nature,low_score,train
253303,253303.jpg,3.820433436532508,Landscape,low_score,train
37974,37974.jpg,3.7348837209302324,Nature,low_score,train
428430,428430.jpg,3.3316582914572863,Landscape,low_score,train
68137,68137.jpg,3.5778688524590163,Architecture,low_score,train
18965,18965.jpg,3.278481012658228,Nature,low_score,train
473624,473624.jpg,3.678048780487805,Nature,low_score,train
23028,23028.jpg,3.5841121495327104,Nature,low_score,train
259139,259139.jpg,3.606194690265487,Nature,low_score,train
240413,240413.jpg,3.305732484076433,Performance,low_score,train
234267,234267.jpg,3.9237668161434978,Nature,low_score,train
420697,420697.jpg,3.3588516746411483,Sky,low_score,train
409591,409591.jpg,3.175373134328358,Nature,low_score,train
573894,573894.jpg,3.5054945054945055,Performance,low_score,train
103283,103283.jpg,3.8582995951417005,Landscape,low_score,train
369233,369233.jpg,3.791095890410959,Nature,low_score,train
255529,255529.jpg,3.0679611650485437,Nature,low_score,train
487300,487300.jpg,3.430379746835443,Landscape,low_score,train
263937,263937.jpg,3.0694444444444446,Landscape,low_score,train
44284,44284.jpg,3.600840336134454,Nature,low_score,train
116328,116328.jpg,3.6312292358803986,Nature,low_score,train
469227,469227.jpg,3.86046511627907,Landscape,low_score,train
228171,228171.jpg,3.9155405405405403,Architecture,low_score,train
65951,65951.jpg,3.6715328467153285,Architecture,low_score,train
29867,29867.jpg,3.7857142857142856,Architecture,low_score,train
223261,223261.jpg,3.9,Rural,low_score,train
144409,144409.jpg,3.9357429718875503,Sky,low_score,train
64130,64130.jpg,3.950354609929078,Nature,low_score,train
306896,306896.jpg,3.782978723404255,Transportation,low_score,train
176255,176255.jpg,3.896103896103896,Sky,low_score,train
309552,309552.jpg,3.8,Rural,low_score,train
257706,257706.jpg,3.869565217391304,Nature,low_score,train
301696,301696.jpg,3.165644171779141,Landscape,low_score,train
396848,396848.jpg,3.7518796992481205,Transportation,low_score,train
544717,544717.jpg,3.900990099009901,Nature,low_score,train
147023,147023.jpg,3.9228395061728394,Landscape,low_score,train
361944,361944.jpg,3.372448979591837,Nature,low_score,train
676796,676796.jpg,2.533333333333333,Nature,low_score,train
167200,167200.jpg,3.4232365145228214,Landscape,low_score,train
103710,103710.jpg,3.3463035019455254,Architecture,low_score,train
27214,27214.jpg,3.9130434782608696,Architecture,low_score,train
415102,415102.jpg,3.57085020242915,Travel,low_score,train
25050,25050.jpg,3.7624113475177303,Travel,low_score,train
141519,141519.jpg,3.4964788732394365,Landscape,low_score,train
246131,246131.jpg,3.9962264150943394,Landscape,low_score,train
192658,192658.jpg,3.8076923076923075,Transportation,low_score,train
27158,27158.jpg,3.836909871244635,Performance,low_score,train
14635,14635.jpg,3.8527918781725887,Nature,low_score,train
136256,136256.jpg,3.913946587537092,Landscape,low_score,train
45450,45450.jpg,3.607929515418502,Landscape,low_score,train
397947,397947.jpg,3.7473684210526317,Nature,low_score,train
252475,252475.jpg,3.279527559055118,Transportation,low_score,train
177398,177398.jpg,3.9482758620689653,Nature,low_score,train
663351,663351.jpg,4.0,Nature,low_score,train
482883,482883.jpg,3.9827586206896552,Landscape,low_score,train
30954,30954.jpg,3.7205240174672487,Landscape,low_score,train
198066,198066.jpg,3.7753623188405796,Sky,low_score,train
36042,36042.jpg,3.5991189427312777,Nature,low_score,train
428427,428427.jpg,3.574468085106383,Rural,low_score,train
512497,512497.jpg,3.624413145539906,Landscape,low_score,train
261070,261070.jpg,3.9368770764119603,Nature,low_score,train
673871,673871.jpg,3.914110429447853,Nature,low_score,train
405125,405125.jpg,3.9944444444444445,Landscape,low_score,train
189779,189779.jpg,3.6059602649006623,Landscape,low_score,train
604955,604955.jpg,3.933333333333333,Sky,low_score,train
187488,187488.jpg,3.0339622641509436,Nature,low_score,train
596201,596201.jpg,3.8157894736842106,Nature,low_score,train
368863,368863.jpg,3.5183946488294313,Landscape,low_score,train
50687,50687.jpg,3.6731707317073172,Travel,low_score,train
663054,663054.jpg,3.6565656565656566,Nature,low_score,train
65649,65649.jpg,2.3451957295373664,Nature,low_score,train
457598,457598.jpg,3.7860262008733625,Architecture,low_score,train
18149,18149.jpg,3.9344978165938866,Rural,low_score,train
446793,446793.jpg,2.9402985074626864,Landscape,low_score,train
409319,409319.jpg,2.950943396226415,Nature,low_score,train
186848,186848.jpg,3.9731543624161074,Architecture,low_score,train
246812,246812.jpg,3.7214285714285715,Nature,low_score,train
40855,40855.jpg,3.896551724137931,Landscape,low_score,train
291951,291951.jpg,3.5532544378698225,Transportation,low_score,train
454469,454469.jpg,3.991701244813278,Nature,low_score,train
257180,257180.jpg,3.2,Travel,low_score,train
656846,656846.jpg,3.737327188940092,Travel,low_score,train
288945,288945.jpg,3.5155807365439093,Landscape,low_score,train
62691,62691.jpg,3.076,Landscape,low_score,train
399190,399190.jpg,3.86,Nature,low_score,train
439963,439963.jpg,3.975,Sky,low_score,train
254620,254620.jpg,3.935185185185185,Landscape,low_score,train
30264,30264.jpg,3.7982832618025753,Sky,low_score,train
105884,105884.jpg,3.6466165413533833,Transportation,low_score,train
69023,69023.jpg,3.967032967032967,Rural,low_score,train
165237,165237.jpg,3.6345514950166113,Architecture,low_score,train
599308,599308.jpg,3.8742138364779874,Rural,low_score,train
237788,237788.jpg,3.9262295081967213,Nature,low_score,train
26114,26114.jpg,3.793859649122807,Nature,low_score,train
160807,160807.jpg,3.0884353741496597,Nature,low_score,train
186513,186513.jpg,3.9313725490196076,Architecture,low_score,train
167971,167971.jpg,3.9106382978723406,Landscape,low_score,train
583292,583292.jpg,3.934306569343066,Rural,low_score,train
216910,216910.jpg,3.867109634551495,Sky,low_score,train
104542,104542.jpg,3.80327868852459,Transportation,low_score,train
183701,183701.jpg,3.8225255972696246,Travel,low_score,train
247705,247705.jpg,3.076655052264808,Performance,low_score,train
288737,288737.jpg,3.1506276150627617,Landscape,low_score,train
266662,266662.jpg,3.5185185185185186,Performance,low_score,train
388327,388327.jpg,3.7868217054263567,Architecture,low_score,train
142982,142982.jpg,3.2738095238095237,Rural,low_score,train
209134,209134.jpg,3.80327868852459,Architecture,low_score,train
255197,255197.jpg,3.9212827988338192,Landscape,low_score,train
30914,30914.jpg,3.6130434782608694,Nature,low_score,train
503592,503592.jpg,3.8609271523178808,Nature,low_score,train
170001,170001.jpg,3.898016997167139,Nature,low_score,train
473579,473579.jpg,3.511111111111111,Landscape,low_score,train
460827,460827.jpg,3.5833333333333335,Sky,low_score,train
64825,64825.jpg,3.948529411764706,Sky,low_score,train
547336,547336.jpg,3.7828947368421053,Landscape,low_score,train
105607,105607.jpg,3.651851851851852,Nature,low_score,train
456446,456446.jpg,3.6899563318777293,Nature,low_score,train
635470,635470.jpg,3.965217391304348,Transportation,low_score,train
50945,50945.jpg,3.5673076923076925,Sky,low_score,train
384177,384177.jpg,3.3954545454545455,Performance,low_score,train
167884,167884.jpg,3.4188034188034186,Nature,low_score,train
676218,676218.jpg,3.6440677966101696,Landscape,low_score,train
18838,18838.jpg,3.618705035971223,Landscape,low_score,train
36678,36678.jpg,3.8979591836734695,Nature,low_score,train
413585,413585.jpg,3.9135802469135803,Nature,low_score,train
30452,30452.jpg,3.0585585585585586,Landscape,low_score,train
253888,253888.jpg,3.8,Landscape,low_score,train
533651,533651.jpg,3.8728813559322033,Landscape,low_score,train
44160,44160.jpg,3.4601769911504423,Sky,low_score,train
116832,116832.jpg,3.4475806451612905,Nature,low_score,train
391150,391150.jpg,3.5167464114832536,Nature,low_score,train
18857,18857.jpg,3.6612244897959183,Nature,low_score,train
479189,479189.jpg,3.8121827411167515,Rural,low_score,train
315561,315561.jpg,3.988888888888889,Nature,low_score,train
265010,265010.jpg,3.904109589041096,Travel,low_score,train
614495,614495.jpg,3.7950310559006213,Nature,low_score,train
23059,23059.jpg,3.251231527093596,Nature,low_score,train
14699,14699.jpg,3.739795918367347,Architecture,low_score,train
377240,377240.jpg,3.5185185185185186,Travel,low_score,train
219683,219683.jpg,2.4325699745547076,Landscape,low_score,train
178804,178804.jpg,3.5686274509803924,Architecture,low_score,train
687084,687084.jpg,3.1325301204819276,Architecture,low_score,train
203001,203001.jpg,3.8525073746312684,Performance,low_score,train
671431,671431.jpg,3.949685534591195,Nature,low_score,train
19578,19578.jpg,3.5135135135135136,Landscape,low_score,train
449502,449502.jpg,2.9432624113475176,Architecture,low_score,train
225178,225178.jpg,3.573943661971831,Architecture,low_score,train
61877,61877.jpg,3.717391304347826,Nature,low_score,train
21574,21574.jpg,4.0,Travel,low_score,train
492534,492534.jpg,3.7865853658536586,Sky,low_score,train
255402,255402.jpg,3.987915407854985,Landscape,low_score,train
279084,279084.jpg,3.9967105263157894,Architecture,low_score,train
64695,64695.jpg,3.5919117647058822,Performance,low_score,train
687815,687815.jpg,3.9012345679012346,Nature,low_score,train
254387,254387.jpg,3.8984615384615386,Landscape,low_score,train
65464,65464.jpg,3.3533834586466167,Nature,low_score,train
186956,186956.jpg,3.7542087542087543,Landscape,low_score,train
452952,452952.jpg,3.975609756097561,Transportation,low_score,train
282592,282592.jpg,3.9565217391304346,Landscape,low_score,train
692840,692840.jpg,3.993150684931507,Transportation,low_score,train
195071,195071.jpg,3.79295154185022,Landscape,low_score,train
580541,580541.jpg,3.8828125,Landscape,low_score,train
246679,246679.jpg,3.772727272727273,Nature,low_score,train
216762,216762.jpg,3.0142045454545454,Nature,low_score,train
183993,183993.jpg,3.0930232558139537,Landscape,low_score,train
165675,165675.jpg,3.8322147651006713,Landscape,low_score,train
227924,227924.jpg,3.868794326241135,Rural,low_score,train
263368,263368.jpg,3.137037037037037,Landscape,low_score,train
67745,67745.jpg,2.873015873015873,Nature,low_score,train
656013,656013.jpg,3.930735930735931,Transportation,low_score,train
161155,161155.jpg,3.393220338983051,Nature,low_score,train
452788,452788.jpg,3.1969230769230768,Sky,low_score,train
656791,656791.jpg,3.9914529914529915,Nature,low_score,train
206142,206142.jpg,3.9923954372623576,Nature,low_score,train
548144,548144.jpg,3.9842105263157896,Nature,low_score,train
160548,160548.jpg,3.5,Nature,low_score,train
120077,120077.jpg,3.8509316770186337,Nature,low_score,train
39883,39883.jpg,3.315068493150685,Nature,low_score,train
25532,25532.jpg,2.889908256880734,Nature,low_score,train
6377,6377.jpg,3.426056338028169,Travel,low_score,train
365056,365056.jpg,3.522167487684729,Sky,low_score,train
15870,15870.jpg,3.782828282828283,Landscape,low_score,train
561280,561280.jpg,3.279816513761468,Travel,low_score,train
691725,691725.jpg,4.0,Landscape,low_score,train
1644,1644.jpg,3.624338624338624,Travel,low_score,train
40924,40924.jpg,3.9661016949152543,Landscape,low_score,train
182149,182149.jpg,2.9865771812080535,Landscape,low_score,train
268694,268694.jpg,3.9914285714285715,Architecture,low_score,train
646379,646379.jpg,3.5381165919282513,Transportation,low_score,train
115804,115804.jpg,3.3503184713375798,Landscape,low_score,train
23245,23245.jpg,3.7289719626168223,Nature,low_score,train
199240,199240.jpg,3.932142857142857,Nature,low_score,train
655099,655099.jpg,3.9205607476635516,Nature,low_score,train
62562,62562.jpg,3.6554621848739495,Landscape,low_score,train
418297,418297.jpg,3.7980295566502464,Landscape,low_score,train
142129,142129.jpg,3.9257950530035335,Rural,low_score,train
376144,376144.jpg,3.8214285714285716,Transportation,low_score,train
270993,270993.jpg,3.862962962962963,Architecture,low_score,train
176179,176179.jpg,3.7891156462585034,Sky,low_score,train
462354,462354.jpg,3.6503067484662575,Performance,low_score,train
183328,183328.jpg,3.5671140939597317,Nature,low_score,train
394701,394701.jpg,3.6751592356687897,Nature,low_score,train
65767,65767.jpg,3.536312849162011,Sky,low_score,train
100838,100838.jpg,3.9087947882736156,Sky,low_score,train
686407,686407.jpg,3.7942857142857145,Nature,low_score,train
161285,161285.jpg,3.6690140845070425,Transportation,low_score,train
676788,676788.jpg,2.8355555555555556,Landscape,low_score,train
606123,606123.jpg,3.9626168224299065,Transportation,low_score,train
68736,68736.jpg,3.53781512605042,Architecture,low_score,train
10565,10565.jpg,3.8564593301435406,Sky,low_score,train
192880,192880.jpg,3.937728937728938,Landscape,low_score,train
64151,64151.jpg,3.7765567765567765,Nature,low_score,train
177447,177447.jpg,3.7844827586206895,Landscape,low_score,train
639504,639504.jpg,3.247311827956989,Architecture,low_score,train
204479,204479.jpg,3.9,Travel,low_score,train
54115,54115.jpg,2.98744769874477,Sky,low_score,train
103850,103850.jpg,3.9361702127659575,Nature,low_score,train
254680,254680.jpg,3.7335329341317367,Landscape,low_score,train
103576,103576.jpg,3.9849624060150375,Nature,low_score,train
106104,106104.jpg,3.7074074074074073,Nature,low_score,train
313077,313077.jpg,3.946078431372549,Nature,low_score,train
409454,409454.jpg,2.731060606060606,Nature,low_score,train
105734,105734.jpg,3.862453531598513,Landscape,low_score,train
42322,42322.jpg,3.4661016949152543,Nature,low_score,train
28940,28940.jpg,3.723809523809524,Sky,low_score,train
299330,299330.jpg,3.690265486725664,Nature,low_score,train
253358,253358.jpg,3.3394495412844036,Landscape,low_score,train
147996,147996.jpg,3.971264367816092,Nature,low_score,train
293094,293094.jpg,3.9327485380116958,Nature,low_score,train
188770,188770.jpg,3.9642857142857144,Rural,low_score,train
271987,271987.jpg,3.009685230024213,Nature,low_score,train
408353,408353.jpg,2.6703703703703705,Nature,low_score,train
319585,319585.jpg,3.966019417475728,Landscape,low_score,train
56428,56428.jpg,3.912863070539419,Nature,low_score,train
372413,372413.jpg,3.8744588744588744,Nature,low_score,train
45563,45563.jpg,2.0739130434782607,Nature,low_score,train
419029,419029.jpg,3.0390243902439025,Landscape,low_score,train
496628,496628.jpg,3.9029535864978904,Landscape,low_score,train
275090,275090.jpg,3.9003690036900367,Sky,low_score,train
255524,255524.jpg,3.6422287390029324,Landscape,low_score,train
679295,679295.jpg,3.3430232558139537,Landscape,low_score,train
262925,262925.jpg,3.6168582375478926,Landscape,low_score,train
163229,163229.jpg,3.3862815884476536,Nature,low_score,train
114781,114781.jpg,3.760204081632653,Landscape,low_score,train
43248,43248.jpg,3.8162393162393164,Landscape,low_score,train
236562,236562.jpg,2.7510373443983402,Architecture,low_score,train
178969,178969.jpg,3.8283828382838285,Nature,low_score,train
374438,374438.jpg,3.930131004366812,Transportation,low_score,train
318915,318915.jpg,3.6470588235294117,Nature,low_score,train
369664,369664.jpg,3.9288537549407114,Nature,low_score,train
674198,674198.jpg,3.9559748427672954,Sky,low_score,train
47522,47522.jpg,3.7149321266968327,Landscape,low_score,train
38345,38345.jpg,3.3649289099526065,Sky,low_score,train
677509,677509.jpg,3.8079096045197742,Nature,low_score,train
410910,410910.jpg,3.6638655462184873,Landscape,low_score,train
43096,43096.jpg,3.7972350230414746,Architecture,low_score,train
36262,36262.jpg,3.4524886877828056,Performance,low_score,train
23951,23951.jpg,3.7322175732217575,Nature,low_score,train
113485,113485.jpg,3.90990990990991,Nature,low_score,train
308632,308632.jpg,3.6666666666666665,Nature,low_score,train
31024,31024.jpg,3.776255707762557,Nature,low_score,train
136292,136292.jpg,3.659340659340659,Architecture,low_score,train
494183,494183.jpg,3.2690763052208833,Nature,low_score,train
397151,397151.jpg,3.0615384615384613,Nature,low_score,train
58902,58902.jpg,2.91796875,Sky,low_score,train
145383,145383.jpg,3.492836676217765,Architecture,low_score,train
239684,239684.jpg,3.9513274336283186,Transportation,low_score,train
297519,297519.jpg,3.8530465949820787,Nature,low_score,train
48371,48371.jpg,3.7533632286995515,Nature,low_score,train
21419,21419.jpg,3.9314285714285715,Nature,low_score,train
13779,13779.jpg,3.3217821782178216,Landscape,low_score,train
632476,632476.jpg,3.5714285714285716,Nature,low_score,train
188919,188919.jpg,3.99618320610687,Nature,low_score,train
303815,303815.jpg,3.8501742160278747,Performance,low_score,train
578443,578443.jpg,3.7357512953367875,Transportation,low_score,train
251791,251791.jpg,2.739130434782609,Sky,low_score,train
169325,169325.jpg,3.7851002865329515,Transportation,low_score,train
441499,441499.jpg,3.779816513761468,Architecture,low_score,train
36299,36299.jpg,3.9514563106796117,Nature,low_score,train
484977,484977.jpg,3.438775510204082,Nature,low_score,train
10220,10220.jpg,3.9278350515463916,Travel,low_score,train
13811,13811.jpg,3.758293838862559,Rural,low_score,train
655908,655908.jpg,3.65625,Nature,low_score,train
301471,301471.jpg,3.972136222910217,Architecture,low_score,train
438583,438583.jpg,3.996031746031746,Nature,low_score,train
235311,235311.jpg,3.9914529914529915,Transportation,low_score,train
365406,365406.jpg,3.855721393034826,Landscape,low_score,train
394766,394766.jpg,3.415204678362573,Sky,low_score,train
158623,158623.jpg,3.822641509433962,Nature,low_score,train
273957,273957.jpg,3.3631436314363143,Landscape,low_score,train
222140,222140.jpg,2.2750642673521853,Architecture,low_score,train
545007,545007.jpg,3.9915254237288136,Nature,low_score,train
23186,23186.jpg,3.5869565217391304,Nature,low_score,train
248984,248984.jpg,3.5673469387755103,Landscape,low_score,train
218610,218610.jpg,3.6338028169014085,Nature,low_score,train
27103,27103.jpg,3.7705627705627704,Travel,low_score,train
281529,281529.jpg,3.7573696145124718,Nature,low_score,train
265204,265204.jpg,3.661129568106312,Landscape,low_score,train
12117,12117.jpg,3.90625,Nature,low_score,train
19887,19887.jpg,3.918552036199095,Architecture,low_score,train
26052,26052.jpg,3.8940677966101696,Landscape,low_score,train
45317,45317.jpg,3.9956896551724137,Nature,low_score,train
230359,230359.jpg,3.0648464163822524,Nature,low_score,train
294952,294952.jpg,3.610576923076923,Landscape,low_score,train
368827,368827.jpg,3.8875,Nature,low_score,train
607271,607271.jpg,3.8217821782178216,Architecture,low_score,train
274374,274374.jpg,3.7823691460055096,Performance,low_score,train
234445,234445.jpg,2.911504424778761,Performance,low_score,train
206601,206601.jpg,3.519083969465649,Travel,low_score,train
39304,39304.jpg,3.981981981981982,Nature,low_score,train
502621,502621.jpg,3.7065868263473054,Architecture,low_score,train
561282,561282.jpg,3.9767441860465116,Sky,low_score,train
524804,524804.jpg,3.9426751592356686,Nature,low_score,train
243167,243167.jpg,3.927007299270073,Transportation,low_score,train
62976,62976.jpg,3.9203187250996017,Nature,low_score,train
195274,195274.jpg,3.6958174904942966,Landscape,low_score,train
21130,21130.jpg,3.1153846153846154,Nature,low_score,train
25906,25906.jpg,3.9191176470588234,Architecture,low_score,train
103094,103094.jpg,3.72,Nature,low_score,train
63247,63247.jpg,3.2404580152671754,Nature,low_score,train
58923,58923.jpg,3.822134387351779,Performance,low_score,train
420172,420172.jpg,3.492957746478873,Architecture,low_score,train
21064,21064.jpg,3.8095238095238093,Performance,low_score,train
205756,205756.jpg,3.808270676691729,Nature,low_score,train
502691,502691.jpg,3.8902439024390243,Landscape,low_score,train
272782,272782.jpg,3.5095541401273884,Travel,low_score,train
635339,635339.jpg,3.8491379310344827,Nature,low_score,train
661654,661654.jpg,3.786231884057971,Performance,low_score,train
231262,231262.jpg,3.956,Transportation,low_score,train
114656,114656.jpg,3.4856230031948883,Performance,low_score,train
365642,365642.jpg,3.4169491525423727,Landscape,low_score,train
239644,239644.jpg,3.3181818181818183,Architecture,low_score,train
316960,316960.jpg,3.788381742738589,Architecture,low_score,train
242057,242057.jpg,3.6985645933014353,Nature,low_score,train
368944,368944.jpg,3.975206611570248,Nature,low_score,train
466316,466316.jpg,3.6700507614213196,Rural,low_score,train
274114,274114.jpg,3.6597402597402597,Transportation,low_score,train
22162,22162.jpg,3.6854460093896715,Landscape,low_score,train
165733,165733.jpg,2.9936507936507937,Nature,low_score,train
579694,579694.jpg,3.6597222222222223,Nature,low_score,train
364948,364948.jpg,3.937823834196891,Sky,low_score,train
237446,237446.jpg,2.583061889250814,Landscape,low_score,train
159343,159343.jpg,3.7624113475177303,Nature,low_score,train
18750,18750.jpg,3.8626609442060085,Nature,low_score,train
21194,21194.jpg,3.935483870967742,Nature,low_score,train
387417,387417.jpg,3.3346938775510204,Nature,low_score,train
415193,415193.jpg,3.888888888888889,Landscape,low_score,train
23187,23187.jpg,3.780821917808219,Sky,low_score,train
29312,29312.jpg,4.0,Landscape,low_score,train
375025,375025.jpg,3.5865384615384617,Nature,low_score,train
501309,501309.jpg,3.917197452229299,Nature,low_score,train
308906,308906.jpg,3.3173076923076925,Rural,low_score,train
176477,176477.jpg,3.826241134751773,Landscape,low_score,train
218599,218599.jpg,3.15406162464986,Nature,low_score,train
227496,227496.jpg,3.9107142857142856,Nature,low_score,train
22028,22028.jpg,3.4532019704433496,Nature,low_score,train
585351,585351.jpg,3.791907514450867,Performance,low_score,train
113649,113649.jpg,3.5927601809954752,Landscape,low_score,train
195677,195677.jpg,3.588447653429603,Rural,low_score,train
295279,295279.jpg,3.3816568047337277,Landscape,low_score,train
396051,396051.jpg,3.865284974093264,Landscape,low_score,train
409231,409231.jpg,2.4093023255813955,Architecture,low_score,train
421111,421111.jpg,3.0843881856540083,Landscape,low_score,train
245916,245916.jpg,4.0,Landscape,low_score,train
460048,460048.jpg,3.314917127071823,Nature,low_score,train
263285,263285.jpg,3.6268115942028984,Landscape,low_score,train
45546,45546.jpg,3.767543859649123,Nature,low_score,train
571774,571774.jpg,3.9766355140186915,Nature,low_score,train
511516,511516.jpg,3.730232558139535,Landscape,low_score,train
271123,271123.jpg,3.2274368231046933,Nature,low_score,train
48380,48380.jpg,3.8839285714285716,Nature,low_score,train
51085,51085.jpg,3.737623762376238,Nature,low_score,train
387732,387732.jpg,3.813008130081301,Nature,low_score,train
60590,60590.jpg,3.7777777777777777,Landscape,low_score,train
104937,104937.jpg,3.264705882352941,Sky,low_score,train
319636,319636.jpg,3.643478260869565,Landscape,low_score,train
679921,679921.jpg,3.8135593220338984,Performance,low_score,train
54862,54862.jpg,3.543103448275862,Landscape,low_score,train
2489,2489.jpg,3.7752293577981653,Nature,low_score,train
19824,19824.jpg,3.926829268292683,Sky,low_score,train
288905,288905.jpg,3.8733031674208145,Nature,low_score,train
185798,185798.jpg,3.855855855855856,Nature,low_score,train
40039,40039.jpg,3.8843537414965987,Sky,low_score,train
606874,606874.jpg,3.7842465753424657,Nature,low_score,train
418335,418335.jpg,2.722943722943723,Nature,low_score,train
431633,431633.jpg,3.92090395480226,Architecture,low_score,train
200794,200794.jpg,3.6419753086419755,Sky,low_score,train
298775,298775.jpg,3.647457627118644,Sky,low_score,train
424137,424137.jpg,2.739669421487603,Nature,low_score,train
286775,286775.jpg,3.4690721649484537,Sky,low_score,train
32169,32169.jpg,3.7114093959731544,Sky,low_score,train
575,575.jpg,3.658536585365854,Architecture,low_score,train
496568,496568.jpg,3.4334600760456273,Landscape,low_score,train
204087,204087.jpg,3.849056603773585,Transportation,low_score,train
245689,245689.jpg,3.9667896678966788,Sky,low_score,train
67158,67158.jpg,2.578358208955224,Performance,low_score,train
226750,226750.jpg,3.9157509157509156,Nature,low_score,train
572800,572800.jpg,3.6595744680851063,Rural,low_score,train
448195,448195.jpg,3.6595744680851063,Rural,low_score,train
64197,64197.jpg,3.802867383512545,Nature,low_score,train
365846,365846.jpg,3.349282296650718,Architecture,low_score,train
277454,277454.jpg,3.978798586572438,Landscape,low_score,train
12073,12073.jpg,3.99492385786802,Landscape,low_score,train
286450,286450.jpg,3.934065934065934,Landscape,low_score,train
169422,169422.jpg,3.9134328358208954,Nature,low_score,train
276215,276215.jpg,3.891304347826087,Architecture,low_score,train
394503,394503.jpg,3.5,Nature,low_score,train
66053,66053.jpg,2.9679144385026737,Landscape,low_score,train
25512,25512.jpg,3.874439461883408,Nature,low_score,train
54733,54733.jpg,3.8518518518518516,Landscape,low_score,train
284706,284706.jpg,3.876470588235294,Nature,low_score,train
376104,376104.jpg,3.7611940298507465,Architecture,low_score,train
398127,398127.jpg,3.683257918552036,Landscape,low_score,train
612435,612435.jpg,3.9526627218934913,Landscape,low_score,train
372750,372750.jpg,3.9915254237288136,Transportation,low_score,train
181502,181502.jpg,3.989399293286219,Nature,low_score,train
147633,147633.jpg,3.8,Travel,low_score,train
300056,300056.jpg,2.838187702265372,Landscape,low_score,train
19586,19586.jpg,3.345622119815668,Landscape,low_score,train
226071,226071.jpg,3.75,Rural,low_score,train
381649,381649.jpg,3.845814977973568,Landscape,low_score,train
252148,252148.jpg,3.8306451612903225,Nature,low_score,train
66498,66498.jpg,3.496031746031746,Nature,low_score,train
14133,14133.jpg,3.2184466019417477,Architecture,low_score,train
38450,38450.jpg,3.6484018264840183,Landscape,low_score,train
45299,45299.jpg,3.893162393162393,Travel,low_score,train
159738,159738.jpg,3.978723404255319,Nature,low_score,train
218451,218451.jpg,3.7514285714285713,Nature,low_score,train
318577,318577.jpg,3.995515695067265,Nature,low_score,train
45831,45831.jpg,3.629343629343629,Sky,low_score,train
691722,691722.jpg,3.8663101604278074,Rural,low_score,train
266189,266189.jpg,3.870646766169154,Landscape,low_score,train
27163,27163.jpg,3.8017241379310347,Landscape,low_score,train
527207,527207.jpg,3.94300518134715,Sky,low_score,train
13595,13595.jpg,3.6218905472636815,Architecture,low_score,train
54374,54374.jpg,3.8258426966292136,Sky,low_score,train
412791,412791.jpg,3.672645739910314,Architecture,low_score,train
187139,187139.jpg,3.9182879377431905,Nature,low_score,train
627114,627114.jpg,3.481818181818182,Nature,low_score,train
312094,312094.jpg,3.522222222222222,Landscape,low_score,train
559723,559723.jpg,3.9058823529411764,Rural,low_score,train
416444,416444.jpg,3.8617021276595747,Landscape,low_score,train
110402,110402.jpg,3.8932806324110674,Architecture,low_score,train
163571,163571.jpg,3.9157894736842107,Nature,low_score,train
17061,17061.jpg,3.914285714285714,Nature,low_score,train
115055,115055.jpg,3.6204620462046204,Rural,low_score,train
139738,139738.jpg,3.736654804270463,Landscape,low_score,train
376518,376518.jpg,3.7880184331797233,Transportation,low_score,train
464308,464308.jpg,3.8797468354430378,Performance,low_score,train
496001,496001.jpg,3.8656126482213438,Transportation,low_score,train
423364,423364.jpg,3.9467455621301775,Performance,low_score,train
23685,23685.jpg,3.967889908256881,Nature,low_score,train
15856,15856.jpg,3.6084656084656084,Nature,low_score,train
663053,663053.jpg,3.8865248226950353,Nature,low_score,train
38894,38894.jpg,3.8858447488584473,Nature,low_score,train
67362,67362.jpg,3.879120879120879,Nature,low_score,train
494049,494049.jpg,3.7202380952380953,Nature,low_score,train
18577,18577.jpg,3.611814345991561,Nature,low_score,train
226565,226565.jpg,3.992831541218638,Nature,low_score,train
317457,317457.jpg,3.9473684210526314,Nature,low_score,train
245209,245209.jpg,3.380434782608696,Landscape,low_score,train
383920,383920.jpg,2.772727272727273,Nature,low_score,train
63913,63913.jpg,3.3333333333333335,Architecture,low_score,train
31075,31075.jpg,3.3060344827586206,Nature,low_score,train
136877,136877.jpg,3.596590909090909,Architecture,low_score,train
27202,27202.jpg,3.2033898305084745,Rural,low_score,train
117181,117181.jpg,3.9049586776859506,Sky,low_score,train
385138,385138.jpg,3.4922680412371134,Sky,low_score,train
40501,40501.jpg,3.9731800766283527,Landscape,low_score,train
111371,111371.jpg,3.757575757575758,Travel,low_score,train
659192,659192.jpg,3.66412213740458,Nature,low_score,train
29503,29503.jpg,3.876,Sky,low_score,train
212836,212836.jpg,3.4402730375426622,Architecture,low_score,train
423380,423380.jpg,3.8511904761904763,Nature,low_score,train
60427,60427.jpg,3.8860759493670884,Landscape,low_score,train
226786,226786.jpg,3.691666666666667,Nature,low_score,train
309452,309452.jpg,3.949238578680203,Nature,low_score,train
145740,145740.jpg,3.6797583081570995,Architecture,low_score,train
681754,681754.jpg,3.810126582278481,Sky,low_score,train
112852,112852.jpg,3.595918367346939,Sky,low_score,train
19211,19211.jpg,3.6141078838174274,Nature,low_score,train
24518,24518.jpg,2.7573221757322175,Landscape,low_score,train
409283,409283.jpg,2.800738007380074,Architecture,low_score,train
218615,218615.jpg,3.628808864265928,Performance,low_score,train
306613,306613.jpg,3.7427385892116183,Travel,low_score,train
596187,596187.jpg,2.9655172413793105,Nature,low_score,train
39122,39122.jpg,3.2018779342723005,Sky,low_score,train
1659,1659.jpg,3.908108108108108,Landscape,low_score,train
49514,49514.jpg,3.9271523178807946,Architecture,low_score,train
377421,377421.jpg,3.8976744186046512,Landscape,low_score,train
538958,538958.jpg,3.672222222222222,Sky,low_score,train
686014,686014.jpg,3.6045197740112993,Rural,low_score,train
116563,116563.jpg,3.8732876712328768,Nature,low_score,train
31121,31121.jpg,3.888392857142857,Landscape,low_score,train
664110,664110.jpg,3.054421768707483,Sky,low_score,train
278310,278310.jpg,3.9141914191419143,Sky,low_score,train
674056,674056.jpg,3.8682634730538923,Nature,low_score,train
198103,198103.jpg,3.847736625514403,Transportation,low_score,train
377121,377121.jpg,3.3467336683417086,Nature,low_score,train
165969,165969.jpg,3.9770491803278687,Architecture,low_score,train
597935,597935.jpg,3.955223880597015,Nature,low_score,train
238183,238183.jpg,3.4364406779661016,Sky,low_score,train
180313,180313.jpg,3.842931937172775,Architecture,low_score,train
52369,52369.jpg,3.9885057471264367,Nature,low_score,train
564966,564966.jpg,3.824884792626728,Performance,low_score,train
43011,43011.jpg,4.0,Rural,low_score,train
495045,495045.jpg,3.62396694214876,Landscape,low_score,train
51558,51558.jpg,3.974747474747475,Nature,low_score,train
63079,63079.jpg,3.391304347826087,Architecture,low_score,train
262344,262344.jpg,3.6928838951310863,Landscape,low_score,train
247252,247252.jpg,3.954356846473029,Nature,low_score,train
40953,40953.jpg,3.4583333333333335,Architecture,low_score,train
521501,521501.jpg,3.885869565217391,Transportation,low_score,train
181454,181454.jpg,3.888888888888889,Nature,low_score,train
642516,642516.jpg,3.925438596491228,Landscape,low_score,train
24409,24409.jpg,3.6550218340611353,Nature,low_score,train
284945,284945.jpg,3.599378881987578,Nature,low_score,train
163316,163316.jpg,3.8309859154929575,Architecture,low_score,train
406157,406157.jpg,3.8823529411764706,Landscape,low_score,train
206209,206209.jpg,3.7480916030534353,Nature,low_score,train
280133,280133.jpg,3.9301075268817205,Landscape,low_score,train
532130,532130.jpg,3.9185185185185185,Nature,low_score,train
67339,67339.jpg,3.9924528301886792,Nature,low_score,train
387840,387840.jpg,3.827004219409283,Landscape,low_score,train
451648,451648.jpg,3.7662835249042144,Performance,low_score,train
46808,46808.jpg,3.774774774774775,Nature,low_score,train
28784,28784.jpg,3.4469026548672566,Rural,low_score,train
415228,415228.jpg,3.7755102040816326,Nature,low_score,train
61024,61024.jpg,2.4944237918215615,Travel,low_score,train
170843,170843.jpg,3.561797752808989,Landscape,low_score,train
203149,203149.jpg,3.230769230769231,Sky,low_score,train
249221,249221.jpg,3.769230769230769,Nature,low_score,train
14698,14698.jpg,3.4948979591836733,Performance,low_score,train
22801,22801.jpg,3.8598130841121496,Architecture,low_score,train
67174,67174.jpg,3.2180851063829787,Performance,low_score,train
43636,43636.jpg,3.234567901234568,Nature,low_score,train
254613,254613.jpg,3.7015384615384614,Landscape,low_score,train
169852,169852.jpg,3.776536312849162,Sky,low_score,train
116750,116750.jpg,3.9508196721311477,Nature,low_score,train
308695,308695.jpg,3.985148514851485,Nature,low_score,train
568951,568951.jpg,3.7475247524752477,Landscape,low_score,train
369044,369044.jpg,3.743295019157088,Rural,low_score,train
253264,253264.jpg,3.8470948012232418,Landscape,low_score,train
658877,658877.jpg,3.386178861788618,Landscape,low_score,train
484048,484048.jpg,3.0294117647058822,Landscape,low_score,train
646414,646414.jpg,3.509009009009009,Transportation,low_score,train
554121,554121.jpg,3.995169082125604,Sky,low_score,train
113903,113903.jpg,3.9588477366255144,Architecture,low_score,train
42549,42549.jpg,3.973913043478261,Nature,low_score,train
244525,244525.jpg,3.473684210526316,Landscape,low_score,train
419541,419541.jpg,3.7966101694915255,Landscape,low_score,train
23843,23843.jpg,3.759259259259259,Sky,low_score,train
191964,191964.jpg,3.4782608695652173,Nature,low_score,train
581474,581474.jpg,3.925531914893617,Architecture,low_score,train
60343,60343.jpg,2.812749003984064,Performance,low_score,train
17108,17108.jpg,3.7850467289719627,Nature,low_score,train
374413,374413.jpg,3.9,Transportation,low_score,train
469081,469081.jpg,3.876543209876543,Landscape,low_score,train
581140,581140.jpg,3.9751243781094527,Nature,low_score,train
391166,391166.jpg,3.4146341463414633,Nature,low_score,train
265830,265830.jpg,3.2171052631578947,Landscape,low_score,train
26105,26105.jpg,3.9521739130434783,Landscape,low_score,train
60815,60815.jpg,3.9692307692307693,Nature,low_score,train
581845,581845.jpg,3.871212121212121,Landscape,low_score,train
217487,217487.jpg,3.964809384164223,Performance,low_score,train
396698,396698.jpg,4.0,Nature,low_score,train
255521,255521.jpg,3.879120879120879,Nature,low_score,train
143249,143249.jpg,3.98,Sky,low_score,train
445418,445418.jpg,3.935064935064935,Landscape,low_score,train
183823,183823.jpg,3.7567567567567566,Rural,low_score,train
584443,584443.jpg,3.446236559139785,Landscape,low_score,train
206844,206844.jpg,3.1653543307086616,Landscape,low_score,train
673046,673046.jpg,3.860655737704918,Nature,low_score,train
24320,24320.jpg,3.2674897119341564,Performance,low_score,train
289254,289254.jpg,3.228169014084507,Landscape,low_score,train
200460,200460.jpg,3.346801346801347,Performance,low_score,train
674035,674035.jpg,3.0372670807453415,Architecture,low_score,train
171259,171259.jpg,3.7196531791907512,Sky,low_score,train
14697,14697.jpg,2.9739583333333335,Nature,low_score,train
416752,416752.jpg,2.945525291828794,Performance,low_score,train
463808,463808.jpg,3.94375,Nature,low_score,train
494052,494052.jpg,3.7439024390243905,Landscape,low_score,train
255549,255549.jpg,3.903030303030303,Landscape,low_score,train
140921,140921.jpg,3.490740740740741,Landscape,low_score,train
627692,627692.jpg,3.7612612612612613,Landscape,low_score,train
51094,51094.jpg,2.4088669950738915,Travel,low_score,train
401027,401027.jpg,3.720496894409938,Nature,low_score,train
450617,450617.jpg,2.8853046594982077,Landscape,low_score,train
143467,143467.jpg,3.8006230529595015,Nature,low_score,train
147373,147373.jpg,3.6528189910979227,Travel,low_score,train
419338,419338.jpg,3.3,Landscape,low_score,train
285698,285698.jpg,3.853211009174312,Nature,low_score,train
45388,45388.jpg,3.8602620087336246,Landscape,low_score,train
31046,31046.jpg,3.828326180257511,Nature,low_score,train
137789,137789.jpg,3.9880239520958085,Travel,low_score,train
26151,26151.jpg,3.6403508771929824,Architecture,low_score,train
236477,236477.jpg,3.691542288557214,Nature,low_score,train
502904,502904.jpg,3.9858156028368796,Nature,low_score,train
44510,44510.jpg,3.8636363636363638,Sky,low_score,train
11528,11528.jpg,3.6560846560846563,Travel,low_score,train
181341,181341.jpg,3.977777777777778,Nature,low_score,train
28184,28184.jpg,3.3091787439613527,Sky,low_score,train
281748,281748.jpg,3.9642857142857144,Nature,low_score,train
289918,289918.jpg,3.9352941176470586,Architecture,low_score,train
233933,233933.jpg,3.4363636363636365,Landscape,low_score,train
26364,26364.jpg,3.3008474576271185,Performance,low_score,train
400470,400470.jpg,3.51953125,Landscape,low_score,val
242879,242879.jpg,3.704626334519573,Nature,low_score,val
41344,41344.jpg,3.1737288135593222,Landscape,low_score,val
240231,240231.jpg,3.291304347826087,Nature,low_score,val
373746,373746.jpg,3.6352459016393444,Performance,low_score,val
242588,242588.jpg,3.838709677419355,Landscape,low_score,val
313742,313742.jpg,3.4393939393939394,Transportation,low_score,val
211307,211307.jpg,3.9140893470790377,Nature,low_score,val
69189,69189.jpg,3.7838827838827838,Performance,low_score,val
471245,471245.jpg,3.953757225433526,Landscape,low_score,val
498009,498009.jpg,3.6556016597510372,Landscape,low_score,val
459973,459973.jpg,3.511961722488038,Nature,low_score,val
250043,250043.jpg,3.9693486590038316,Nature,low_score,val
44633,44633.jpg,3.7219730941704037,Nature,low_score,val
377417,377417.jpg,3.1596638655462184,Transportation,low_score,val
46418,46418.jpg,3.0711610486891385,Nature,low_score,val
660127,660127.jpg,3.984042553191489,Transportation,low_score,val
49616,49616.jpg,2.303030303030303,Nature,low_score,val
63927,63927.jpg,3.1865671641791047,Performance,low_score,val
67472,67472.jpg,3.6436781609195403,Architecture,low_score,val
416910,416910.jpg,3.754032258064516,Landscape,low_score,val
10165,10165.jpg,3.913978494623656,Travel,low_score,val
43973,43973.jpg,3.986013986013986,Landscape,low_score,val
280419,280419.jpg,3.9975961538461537,Sky,low_score,val
269189,269189.jpg,3.8996138996139,Landscape,low_score,val
416913,416913.jpg,3.952191235059761,Sky,low_score,val
445644,445644.jpg,2.9322916666666665,Architecture,low_score,val
148501,148501.jpg,3.9906976744186045,Travel,low_score,val
163801,163801.jpg,3.9328859060402683,Architecture,low_score,val
564080,564080.jpg,3.5625,Sky,low_score,val
638471,638471.jpg,3.7071428571428573,Nature,low_score,val
240259,240259.jpg,2.7525083612040135,Nature,low_score,val
51699,51699.jpg,3.2806122448979593,Travel,low_score,val
206547,206547.jpg,3.7977099236641223,Nature,low_score,val
63839,63839.jpg,3.220149253731343,Nature,low_score,val
18156,18156.jpg,3.4734513274336285,Sky,low_score,val
255607,255607.jpg,3.5970149253731343,Landscape,low_score,val
675590,675590.jpg,3.7757847533632285,Landscape,low_score,val
16801,16801.jpg,3.9615384615384617,Nature,low_score,val
167108,167108.jpg,3.691983122362869,Landscape,low_score,val
419287,419287.jpg,3.907766990291262,Landscape,low_score,val
56498,56498.jpg,3.836734693877551,Architecture,low_score,val
40644,40644.jpg,3.923694779116466,Sky,low_score,val
402355,402355.jpg,3.5272727272727273,Architecture,low_score,val
144567,144567.jpg,3.9,Architecture,low_score,val
14797,14797.jpg,3.8947368421052633,Nature,low_score,val
62728,62728.jpg,3.3777777777777778,Nature,low_score,val
659799,659799.jpg,3.978142076502732,Nature,low_score,val
147278,147278.jpg,3.997076023391813,Landscape,low_score,val
45072,45072.jpg,3.986784140969163,Travel,low_score,val
198175,198175.jpg,3.916317991631799,Nature,low_score,val
438292,438292.jpg,3.951219512195122,Nature,low_score,val
139676,139676.jpg,3.032967032967033,Rural,low_score,val
240181,240181.jpg,3.6440677966101696,Sky,low_score,val
185368,185368.jpg,3.740740740740741,Architecture,low_score,val
376268,376268.jpg,3.8017241379310347,Travel,low_score,val
659202,659202.jpg,3.2511627906976743,Travel,low_score,val
26871,26871.jpg,3.617021276595745,Performance,low_score,val
277979,277979.jpg,3.623931623931624,Nature,low_score,val
481876,481876.jpg,3.697674418604651,Nature,low_score,val
51146,51146.jpg,3.315270935960591,Rural,low_score,val
41311,41311.jpg,3.942857142857143,Architecture,low_score,val
224986,224986.jpg,3.979591836734694,Transportation,low_score,val
165057,165057.jpg,3.751968503937008,Nature,low_score,val
26525,26525.jpg,3.3893129770992365,Landscape,low_score,val
493537,493537.jpg,3.9628099173553717,Nature,low_score,val
420223,420223.jpg,3.9056603773584904,Sky,low_score,val
147836,147836.jpg,3.3852459016393444,Travel,low_score,val
638980,638980.jpg,3.945,Rural,low_score,val
110114,110114.jpg,3.7074074074074073,Nature,low_score,val
687031,687031.jpg,3.661111111111111,Performance,low_score,val
446909,446909.jpg,3.1904761904761907,Sky,low_score,val
43999,43999.jpg,3.962121212121212,Performance,low_score,val
10141,10141.jpg,3.836842105263158,Travel,low_score,val
69137,69137.jpg,3.69811320754717,Landscape,low_score,val
182181,182181.jpg,3.8380281690140845,Nature,low_score,val
417911,417911.jpg,3.4257425742574257,Landscape,low_score,val
365057,365057.jpg,4.0,Architecture,low_score,val
205986,205986.jpg,3.783582089552239,Nature,low_score,val
144341,144341.jpg,3.9728682170542635,Transportation,low_score,val
254109,254109.jpg,3.2167630057803467,Landscape,low_score,val
254978,254978.jpg,3.864864864864865,Landscape,low_score,val
140052,140052.jpg,3.9320388349514563,Landscape,low_score,val
283218,283218.jpg,3.072948328267477,Nature,low_score,val
176435,176435.jpg,3.202749140893471,Rural,low_score,val
275028,275028.jpg,3.9078014184397163,Nature,low_score,val
417729,417729.jpg,3.2060301507537687,Landscape,low_score,val
666161,666161.jpg,3.787878787878788,Landscape,low_score,val
37556,37556.jpg,3.634259259259259,Travel,low_score,val
117986,117986.jpg,3.8663101604278074,Nature,low_score,val
589754,589754.jpg,3.5169082125603865,Sky,low_score,val
588453,588453.jpg,3.7857142857142856,Sky,low_score,val
561009,561009.jpg,3.7,Sky,low_score,val
17868,17868.jpg,3.6092436974789917,Landscape,low_score,val
445376,445376.jpg,4.0,Performance,low_score,val
674679,674679.jpg,3.4955357142857144,Landscape,low_score,val
196112,196112.jpg,3.9389312977099236,Rural,low_score,val
118792,118792.jpg,3.433673469387755,Nature,low_score,val
18442,18442.jpg,3.8512396694214877,Nature,low_score,val
114393,114393.jpg,3.9057377049180326,Nature,low_score,val
444826,444826.jpg,3.9125,Sky,low_score,val
67268,67268.jpg,3.8473684210526318,Nature,low_score,val
470600,470600.jpg,3.570588235294118,Landscape,low_score,val
478686,478686.jpg,3.1884057971014492,Nature,low_score,val
419948,419948.jpg,2.2788461538461537,Landscape,low_score,val
241649,241649.jpg,3.850187265917603,Landscape,low_score,val
218188,218188.jpg,2.8739495798319328,Performance,low_score,val
37735,37735.jpg,3.5384615384615383,Nature,low_score,val
292034,292034.jpg,3.9212121212121214,Transportation,low_score,val
28202,28202.jpg,3.6208530805687205,Sky,low_score,val
300057,300057.jpg,3.9359756097560976,Travel,low_score,val
192984,192984.jpg,3.984732824427481,Landscape,low_score,val
233866,233866.jpg,3.7777777777777777,Sky,low_score,val
288409,288409.jpg,3.483050847457627,Nature,low_score,val
56108,56108.jpg,2.8627450980392157,Travel,low_score,val
54576,54576.jpg,3.751381215469613,Sky,low_score,val
401927,401927.jpg,3.9816849816849818,Nature,low_score,val
313851,313851.jpg,3.6282722513089007,Transportation,low_score,val
457684,457684.jpg,3.9904761904761905,Travel,low_score,val
61553,61553.jpg,3.390681003584229,Nature,low_score,val
18502,18502.jpg,3.4980392156862745,Nature,low_score,val
161173,161173.jpg,3.9393939393939394,Rural,low_score,val
282455,282455.jpg,3.986784140969163,Travel,low_score,val
417445,417445.jpg,3.479591836734694,Landscape,low_score,val
273626,273626.jpg,3.849056603773585,Nature,low_score,val
176007,176007.jpg,3.816479400749064,Landscape,low_score,val
639860,639860.jpg,3.25531914893617,Architecture,low_score,val
165781,165781.jpg,3.99025974025974,Architecture,low_score,val
384843,384843.jpg,3.656779661016949,Nature,low_score,val
288612,288612.jpg,3.8613569321533925,Nature,low_score,val
14812,14812.jpg,3.127659574468085,Nature,low_score,val
147621,147621.jpg,3.6647230320699706,Landscape,low_score,val
382581,382581.jpg,3.585714285714286,Landscape,low_score,val
319973,319973.jpg,3.7832512315270934,Nature,low_score,val
390395,390395.jpg,3.502439024390244,Sky,low_score,val
63942,63942.jpg,3.8045112781954886,Nature,low_score,val
23760,23760.jpg,3.326923076923077,Sky,low_score,val
492668,492668.jpg,3.4918918918918918,Travel,low_score,val
535538,535538.jpg,3.2127659574468086,Nature,low_score,val
28759,28759.jpg,3.9726027397260273,Rural,low_score,val
679288,679288.jpg,3.9050632911392404,Nature,low_score,val
420149,420149.jpg,3.2521008403361344,Landscape,low_score,val
232047,232047.jpg,2.660839160839161,Landscape,low_score,val
46416,46416.jpg,3.5661157024793386,Architecture,low_score,val
218665,218665.jpg,2.397222222222222,Performance,low_score,val
30246,30246.jpg,3.9185185185185185,Nature,low_score,val
249604,249604.jpg,3.8864468864468864,Nature,low_score,val
674118,674118.jpg,3.056603773584906,Architecture,low_score,val
401039,401039.jpg,3.8528528528528527,Nature,low_score,val
113542,113542.jpg,3.7148014440433212,Nature,low_score,val
250984,250984.jpg,3.9876543209876543,Nature,low_score,val
193137,193137.jpg,3.7711267605633805,Nature,low_score,val
406237,406237.jpg,2.477777777777778,Travel,low_score,val
692884,692884.jpg,3.774193548387097,Sky,low_score,val
52040,52040.jpg,3.8883248730964466,Landscape,low_score,val
676251,676251.jpg,3.5722543352601157,Landscape,low_score,val
193920,193920.jpg,3.7916666666666665,Architecture,low_score,val
200441,200441.jpg,3.9516728624535316,Nature,low_score,val
165970,165970.jpg,3.942953020134228,Landscape,low_score,val
433682,433682.jpg,3.8219895287958114,Landscape,low_score,val
30346,30346.jpg,3.6962025316455698,Rural,low_score,val
192089,192089.jpg,3.5575221238938055,Nature,low_score,val
60154,60154.jpg,3.4842767295597485,Landscape,low_score,val
113398,113398.jpg,3.9513274336283186,Landscape,low_score,val
161416,161416.jpg,3.946236559139785,Performance,low_score,val
418797,418797.jpg,3.985645933014354,Landscape,low_score,val
224760,224760.jpg,3.5183823529411766,Sky,low_score,val
48304,48304.jpg,3.971223021582734,Landscape,low_score,val
284943,284943.jpg,3.4790419161676644,Nature,low_score,val
140567,140567.jpg,3.2027649769585254,Architecture,low_score,val
648868,648868.jpg,3.059090909090909,Nature,low_score,val
147299,147299.jpg,3.753012048192771,Landscape,low_score,val
247352,247352.jpg,3.3260869565217392,Nature,low_score,val
20685,20685.jpg,3.5281385281385282,Landscape,low_score,val
570478,570478.jpg,3.673076923076923,Rural,low_score,val
288957,288957.jpg,3.722826086956522,Sky,low_score,val
685475,685475.jpg,3.309711286089239,Sky,low_score,val
584615,584615.jpg,3.623762376237624,Nature,low_score,val
161478,161478.jpg,3.9928057553956835,Nature,low_score,val
19784,19784.jpg,3.3207547169811322,Nature,low_score,val
512431,512431.jpg,3.8129496402877696,Nature,low_score,val
111062,111062.jpg,3.9423076923076925,Architecture,low_score,val
661587,661587.jpg,3.693548387096774,Nature,low_score,val
303646,303646.jpg,3.9952153110047846,Landscape,low_score,val
139315,139315.jpg,3.36,Rural,low_score,val
292322,292322.jpg,3.9693251533742333,Nature,low_score,val
285318,285318.jpg,3.5777126099706744,Nature,low_score,val
531502,531502.jpg,3.79136690647482,Architecture,low_score,val
116627,116627.jpg,3.45748987854251,Nature,low_score,val
147951,147951.jpg,3.9598214285714284,Travel,low_score,val
511481,511481.jpg,4.0,Travel,low_score,val
103000,103000.jpg,3.5551470588235294,Nature,low_score,val
650596,650596.jpg,3.0096153846153846,Nature,low_score,val
32144,32144.jpg,3.9419642857142856,Architecture,low_score,val
674488,674488.jpg,3.709090909090909,Architecture,low_score,val
642244,642244.jpg,3.6490384615384617,Nature,low_score,val
36283,36283.jpg,3.005181347150259,Performance,low_score,val
673450,673450.jpg,3.396103896103896,Travel,low_score,val
211466,211466.jpg,5.829268292682927,Performance,mid_score,train
491100,491100.jpg,5.283132530120482,Nature,mid_score,train
247157,247157.jpg,5.527426160337553,Nature,mid_score,train
28807,28807.jpg,4.719457013574661,Travel,mid_score,train
226674,226674.jpg,5.8515625,Rural,mid_score,train
30548,30548.jpg,4.708154506437769,Nature,mid_score,train
62216,62216.jpg,5.0,Sky,mid_score,train
405561,405561.jpg,4.847953216374269,Nature,mid_score,train
397921,397921.jpg,4.938144329896907,Architecture,mid_score,train
45542,45542.jpg,4.277533039647577,Sky,mid_score,train
468552,468552.jpg,5.192893401015229,Performance,mid_score,train
571376,571376.jpg,4.417085427135678,Rural,mid_score,train
567421,567421.jpg,5.122641509433962,Sky,mid_score,train
242711,242711.jpg,4.26595744680851,Transportation,mid_score,train
254418,254418.jpg,4.5078740157480315,Nature,mid_score,train
461348,461348.jpg,6.345360824742268,Nature,mid_score,train
431072,431072.jpg,4.558510638297872,Sky,mid_score,train
456197,456197.jpg,6.327868852459017,Nature,mid_score,train
231935,231935.jpg,5.111675126903553,Architecture,mid_score,train
198701,198701.jpg,4.613559322033899,Nature,mid_score,train
537155,537155.jpg,4.462686567164179,Nature,mid_score,train
579160,579160.jpg,5.7969543147208125,Nature,mid_score,train
233091,233091.jpg,6.637254901960785,Sky,mid_score,train
531678,531678.jpg,5.3359375,Travel,mid_score,train
168128,168128.jpg,6.39662447257384,Nature,mid_score,train
444049,444049.jpg,5.165745856353591,Landscape,mid_score,train
638535,638535.jpg,5.405263157894737,Architecture,mid_score,train
397467,397467.jpg,5.610837438423645,Landscape,mid_score,train
161136,161136.jpg,5.22,Sky,mid_score,train
656484,656484.jpg,5.613168724279835,Landscape,mid_score,train
613445,613445.jpg,6.117647058823529,Architecture,mid_score,train
381916,381916.jpg,5.378600823045267,Sky,mid_score,train
549884,549884.jpg,6.189655172413793,Landscape,mid_score,train
233094,233094.jpg,5.252688172043011,Landscape,mid_score,train
479186,479186.jpg,5.590673575129534,Sky,mid_score,train
391226,391226.jpg,4.699029126213592,Nature,mid_score,train
277667,277667.jpg,6.540358744394619,Landscape,mid_score,train
37917,37917.jpg,5.337899543378995,Nature,mid_score,train
282781,282781.jpg,5.48404255319149,Rural,mid_score,train
386347,386347.jpg,5.46218487394958,Landscape,mid_score,train
167687,167687.jpg,6.0699588477366255,Landscape,mid_score,train
310477,310477.jpg,5.959183673469388,Architecture,mid_score,train
272470,272470.jpg,5.3980263157894735,Nature,mid_score,train
52442,52442.jpg,5.589108910891089,Architecture,mid_score,train
640943,640943.jpg,5.429577464788732,Nature,mid_score,train
583202,583202.jpg,5.246268656716418,Landscape,mid_score,train
365839,365839.jpg,4.556270096463023,Nature,mid_score,train
626711,626711.jpg,5.871369294605809,Landscape,mid_score,train
243523,243523.jpg,5.977973568281938,Landscape,mid_score,train
295329,295329.jpg,5.482857142857143,Nature,mid_score,train
668981,668981.jpg,5.471264367816092,Landscape,mid_score,train
537394,537394.jpg,5.102702702702703,Landscape,mid_score,train
308644,308644.jpg,4.317073170731708,Landscape,mid_score,train
115199,115199.jpg,6.493877551020408,Nature,mid_score,train
393701,393701.jpg,5.650246305418719,Sky,mid_score,train
195828,195828.jpg,6.19327731092437,Nature,mid_score,train
568167,568167.jpg,4.811594202898551,Rural,mid_score,train
235081,235081.jpg,5.557142857142857,Architecture,mid_score,train
572004,572004.jpg,6.376744186046512,Landscape,mid_score,train
243979,243979.jpg,6.828947368421052,Architecture,mid_score,train
636000,636000.jpg,6.11864406779661,Landscape,mid_score,train
390491,390491.jpg,5.077348066298343,Landscape,mid_score,train
203147,203147.jpg,4.6869565217391305,Nature,mid_score,train
603561,603561.jpg,4.8604651162790695,Nature,mid_score,train
41961,41961.jpg,5.346846846846847,Landscape,mid_score,train
262377,262377.jpg,4.775665399239544,Architecture,mid_score,train
459180,459180.jpg,4.95,Rural,mid_score,train
524380,524380.jpg,4.957055214723926,Sky,mid_score,train
458544,458544.jpg,5.685185185185185,Nature,mid_score,train
255464,255464.jpg,6.54985754985755,Landscape,mid_score,train
628319,628319.jpg,5.316239316239316,Nature,mid_score,train
40861,40861.jpg,5.184549356223176,Architecture,mid_score,train
627101,627101.jpg,6.436781609195402,Sky,mid_score,train
205707,205707.jpg,5.056338028169014,Nature,mid_score,train
452938,452938.jpg,6.005763688760807,Transportation,mid_score,train
602267,602267.jpg,5.713235294117647,Architecture,mid_score,train
394942,394942.jpg,5.724550898203593,Architecture,mid_score,train
499096,499096.jpg,5.34375,Landscape,mid_score,train
165516,165516.jpg,5.401315789473684,Architecture,mid_score,train
483311,483311.jpg,5.45,Transportation,mid_score,train
432924,432924.jpg,6.003267973856209,Nature,mid_score,train
216006,216006.jpg,4.824742268041237,Landscape,mid_score,train
521904,521904.jpg,5.676136363636363,Nature,mid_score,train
10631,10631.jpg,5.344660194174757,Landscape,mid_score,train
314731,314731.jpg,5.044943820224719,Architecture,mid_score,train
612377,612377.jpg,4.674556213017752,Nature,mid_score,train
255150,255150.jpg,5.171686746987952,Landscape,mid_score,train
264039,264039.jpg,4.78169014084507,Sky,mid_score,train
583117,583117.jpg,5.503703703703704,Landscape,mid_score,train
429059,429059.jpg,4.568720379146919,Architecture,mid_score,train
654043,654043.jpg,6.082251082251083,Architecture,mid_score,train
200660,200660.jpg,4.679180887372014,Transportation,mid_score,train
533414,533414.jpg,5.363013698630137,Landscape,mid_score,train
635995,635995.jpg,5.822033898305085,Sky,mid_score,train
633762,633762.jpg,6.581196581196581,Architecture,mid_score,train
596398,596398.jpg,5.731884057971015,Nature,mid_score,train
282933,282933.jpg,5.230769230769231,Landscape,mid_score,train
390123,390123.jpg,4.76063829787234,Sky,mid_score,train
24440,24440.jpg,5.489451476793249,Landscape,mid_score,train
640802,640802.jpg,5.70945945945946,Landscape,mid_score,train
19135,19135.jpg,5.656652360515022,Nature,mid_score,train
469365,469365.jpg,4.837349397590361,Landscape,mid_score,train
203736,203736.jpg,5.282296650717703,Nature,mid_score,train
491360,491360.jpg,5.106741573033708,Landscape,mid_score,train
365856,365856.jpg,5.6746411483253585,Sky,mid_score,train
121401,121401.jpg,5.45,Transportation,mid_score,train
677901,677901.jpg,5.805755395683454,Transportation,mid_score,train
648951,648951.jpg,5.333333333333333,Architecture,mid_score,train
386146,386146.jpg,6.477911646586345,Landscape,mid_score,train
599301,599301.jpg,5.503105590062112,Rural,mid_score,train
45995,45995.jpg,6.680451127819549,Nature,mid_score,train
175812,175812.jpg,5.306273062730627,Architecture,mid_score,train
226961,226961.jpg,5.00836820083682,Landscape,mid_score,train
587243,587243.jpg,5.5772357723577235,Sky,mid_score,train
555762,555762.jpg,4.08411214953271,Landscape,mid_score,train
36768,36768.jpg,5.761904761904762,Nature,mid_score,train
377078,377078.jpg,5.345454545454546,Architecture,mid_score,train
617849,617849.jpg,5.658385093167702,Architecture,mid_score,train
640063,640063.jpg,6.412371134020619,Architecture,mid_score,train
240129,240129.jpg,5.182203389830509,Nature,mid_score,train
165937,165937.jpg,5.5034246575342465,Architecture,mid_score,train
582502,582502.jpg,4.446540880503145,Nature,mid_score,train
686244,686244.jpg,5.454849498327759,Nature,mid_score,train
285317,285317.jpg,6.185185185185185,Rural,mid_score,train
138862,138862.jpg,4.719178082191781,Travel,mid_score,train
103141,103141.jpg,6.655502392344498,Landscape,mid_score,train
19666,19666.jpg,4.773399014778325,Travel,mid_score,train
633632,633632.jpg,6.192156862745098,Architecture,mid_score,train
10984,10984.jpg,4.963470319634703,Landscape,mid_score,train
444778,444778.jpg,4.832402234636872,Nature,mid_score,train
405722,405722.jpg,4.644970414201183,Nature,mid_score,train
167309,167309.jpg,4.627118644067797,Nature,mid_score,train
42752,42752.jpg,6.326359832635983,Nature,mid_score,train
399719,399719.jpg,5.090342679127726,Rural,mid_score,train
581063,581063.jpg,6.156626506024097,Nature,mid_score,train
609664,609664.jpg,5.116504854368932,Performance,mid_score,train
146195,146195.jpg,4.933933933933934,Landscape,mid_score,train
171198,171198.jpg,4.774285714285714,Nature,mid_score,train
429311,429311.jpg,5.264150943396227,Architecture,mid_score,train
676812,676812.jpg,5.02803738317757,Sky,mid_score,train
684194,684194.jpg,6.0,Nature,mid_score,train
659195,659195.jpg,5.872146118721461,Landscape,mid_score,train
457777,457777.jpg,5.732718894009216,Nature,mid_score,train
632376,632376.jpg,6.035532994923858,Landscape,mid_score,train
199131,199131.jpg,5.240816326530612,Nature,mid_score,train
43221,43221.jpg,5.772413793103448,Nature,mid_score,train
218857,218857.jpg,4.92485549132948,Performance,mid_score,train
423027,423027.jpg,6.137931034482759,Transportation,mid_score,train
423598,423598.jpg,5.596938775510204,Nature,mid_score,train
545834,545834.jpg,6.260504201680672,Nature,mid_score,train
416199,416199.jpg,4.088235294117647,Nature,mid_score,train
195400,195400.jpg,5.12406015037594,Transportation,mid_score,train
113334,113334.jpg,4.934497816593886,Nature,mid_score,train
103970,103970.jpg,5.802867383512544,Nature,mid_score,train
447891,447891.jpg,5.558620689655172,Sky,mid_score,train
612284,612284.jpg,5.3441558441558445,Rural,mid_score,train
163412,163412.jpg,5.926315789473684,Nature,mid_score,train
515856,515856.jpg,6.437185929648241,Landscape,mid_score,train
248360,248360.jpg,4.4581005586592175,Landscape,mid_score,train
47052,47052.jpg,4.966507177033493,Landscape,mid_score,train
13710,13710.jpg,5.721951219512195,Architecture,mid_score,train
592111,592111.jpg,5.4655172413793105,Nature,mid_score,train
652582,652582.jpg,4.31875,Nature,mid_score,train
418369,418369.jpg,4.30327868852459,Nature,mid_score,train
57606,57606.jpg,5.1796875,Nature,mid_score,train
542625,542625.jpg,5.491803278688525,Architecture,mid_score,train
64705,64705.jpg,4.892592592592592,Travel,mid_score,train
19798,19798.jpg,4.4840182648401825,Travel,mid_score,train
456290,456290.jpg,4.932773109243698,Nature,mid_score,train
254674,254674.jpg,5.0,Landscape,mid_score,train
24423,24423.jpg,6.235042735042735,Nature,mid_score,train
31848,31848.jpg,5.973684210526316,Sky,mid_score,train
13824,13824.jpg,6.205882352941177,Architecture,mid_score,train
420608,420608.jpg,4.87719298245614,Landscape,mid_score,train
308035,308035.jpg,5.019607843137255,Nature,mid_score,train
312947,312947.jpg,6.41,Nature,mid_score,train
483684,483684.jpg,6.414893617021277,Architecture,mid_score,train
377224,377224.jpg,4.8838174273858925,Transportation,mid_score,train
593888,593888.jpg,4.973913043478261,Landscape,mid_score,train
147335,147335.jpg,5.594827586206897,Rural,mid_score,train
406060,406060.jpg,5.491428571428571,Travel,mid_score,train
600514,600514.jpg,5.487179487179487,Architecture,mid_score,train
533938,533938.jpg,5.769736842105263,Travel,mid_score,train
444612,444612.jpg,6.512953367875648,Landscape,mid_score,train
305669,305669.jpg,5.577319587628866,Landscape,mid_score,train
489304,489304.jpg,5.110638297872341,Sky,mid_score,train
113579,113579.jpg,5.533333333333333,Architecture,mid_score,train
626991,626991.jpg,5.1688311688311686,Architecture,mid_score,train
596645,596645.jpg,6.33939393939394,Nature,mid_score,train
252023,252023.jpg,5.088,Performance,mid_score,train
538205,538205.jpg,6.617021276595745,Nature,mid_score,train
448737,448737.jpg,6.166197183098592,Landscape,mid_score,train
362475,362475.jpg,5.638376383763838,Nature,mid_score,train
286481,286481.jpg,6.0,Architecture,mid_score,train
20395,20395.jpg,5.936,Landscape,mid_score,train
460994,460994.jpg,5.276243093922652,Nature,mid_score,train
368282,368282.jpg,5.232044198895028,Nature,mid_score,train
55671,55671.jpg,6.3875598086124405,Landscape,mid_score,train
404004,404004.jpg,5.502645502645502,Landscape,mid_score,train
31756,31756.jpg,5.4048582995951415,Architecture,mid_score,train
415250,415250.jpg,4.8921161825726145,Nature,mid_score,train
246296,246296.jpg,6.442857142857143,Nature,mid_score,train
504561,504561.jpg,6.050561797752809,Nature,mid_score,train
171051,171051.jpg,4.232954545454546,Nature,mid_score,train
500759,500759.jpg,5.941860465116279,Nature,mid_score,train
244754,244754.jpg,5.599033816425121,Architecture,mid_score,train
683249,683249.jpg,5.144654088050315,Landscape,mid_score,train
368177,368177.jpg,5.317880794701987,Performance,mid_score,train
461963,461963.jpg,6.5588235294117645,Nature,mid_score,train
276278,276278.jpg,5.741007194244604,Architecture,mid_score,train
6042,6042.jpg,5.205980066445183,Architecture,mid_score,train
432808,432808.jpg,6.292063492063492,Sky,mid_score,train
147918,147918.jpg,5.790178571428571,Nature,mid_score,train
369579,369579.jpg,5.165584415584416,Sky,mid_score,train
639971,639971.jpg,6.086956521739131,Nature,mid_score,train
113062,113062.jpg,4.9825327510917035,Sky,mid_score,train
40042,40042.jpg,5.360544217687075,Sky,mid_score,train
669879,669879.jpg,5.754838709677419,Landscape,mid_score,train
398429,398429.jpg,6.128205128205129,Architecture,mid_score,train
627423,627423.jpg,5.423076923076923,Nature,mid_score,train
487542,487542.jpg,6.1824324324324325,Landscape,mid_score,train
255161,255161.jpg,5.308550185873606,Rural,mid_score,train
677175,677175.jpg,4.745341614906832,Landscape,mid_score,train
468074,468074.jpg,5.442922374429224,Nature,mid_score,train
19662,19662.jpg,5.903448275862069,Landscape,mid_score,train
290575,290575.jpg,5.271698113207547,Nature,mid_score,train
295776,295776.jpg,4.228571428571429,Architecture,mid_score,train
498639,498639.jpg,6.137724550898204,Architecture,mid_score,train
12101,12101.jpg,6.654205607476635,Performance,mid_score,train
237451,237451.jpg,4.771604938271605,Rural,mid_score,train
477321,477321.jpg,6.533333333333333,Landscape,mid_score,train
286873,286873.jpg,6.0201005025125625,Architecture,mid_score,train
373877,373877.jpg,5.755364806866953,Transportation,mid_score,train
257395,257395.jpg,4.866666666666666,Landscape,mid_score,train
400795,400795.jpg,6.634408602150538,Landscape,mid_score,train
605019,605019.jpg,5.808695652173913,Landscape,mid_score,train
44127,44127.jpg,5.099173553719008,Nature,mid_score,train
375101,375101.jpg,5.822115384615385,Architecture,mid_score,train
11633,11633.jpg,5.005102040816326,Architecture,mid_score,train
206273,206273.jpg,4.700348432055749,Nature,mid_score,train
116847,116847.jpg,4.454861111111111,Nature,mid_score,train
416298,416298.jpg,5.642045454545454,Architecture,mid_score,train
673920,673920.jpg,5.262195121951219,Rural,mid_score,train
397440,397440.jpg,5.5,Nature,mid_score,train
302475,302475.jpg,5.336448598130841,Landscape,mid_score,train
690940,690940.jpg,6.4822695035460995,Landscape,mid_score,train
285666,285666.jpg,5.817910447761194,Nature,mid_score,train
690465,690465.jpg,5.483443708609271,Architecture,mid_score,train
205373,205373.jpg,5.310043668122271,Nature,mid_score,train
137089,137089.jpg,6.379888268156424,Architecture,mid_score,train
417195,417195.jpg,4.462264150943396,Landscape,mid_score,train
467069,467069.jpg,5.716981132075472,Architecture,mid_score,train
67376,67376.jpg,5.0,Landscape,mid_score,train
491148,491148.jpg,6.142857142857143,Landscape,mid_score,train
572003,572003.jpg,5.710900473933649,Travel,mid_score,train
594029,594029.jpg,5.649122807017544,Nature,mid_score,train
303582,303582.jpg,5.691588785046729,Architecture,mid_score,train
454270,454270.jpg,4.52808988764045,Sky,mid_score,train
605954,605954.jpg,5.067796610169491,Nature,mid_score,train
308161,308161.jpg,5.232876712328767,Landscape,mid_score,train
38864,38864.jpg,5.125560538116592,Nature,mid_score,train
30300,30300.jpg,4.784403669724771,Nature,mid_score,train
470893,470893.jpg,5.2303030303030305,Landscape,mid_score,train
10517,10517.jpg,5.941747572815534,Nature,mid_score,train
421496,421496.jpg,6.240259740259741,Architecture,mid_score,train
490307,490307.jpg,4.980263157894737,Sky,mid_score,train
119243,119243.jpg,4.527918781725888,Landscape,mid_score,train
55014,55014.jpg,5.758474576271187,Landscape,mid_score,train
112844,112844.jpg,6.020408163265306,Rural,mid_score,train
416027,416027.jpg,4.22265625,Nature,mid_score,train
684278,684278.jpg,4.616883116883117,Nature,mid_score,train
591901,591901.jpg,6.528,Rural,mid_score,train
298150,298150.jpg,6.201388888888889,Sky,mid_score,train
282185,282185.jpg,6.486301369863014,Rural,mid_score,train
568168,568168.jpg,6.262135922330097,Landscape,mid_score,train
178037,178037.jpg,6.109243697478991,Sky,mid_score,train
657733,657733.jpg,5.651428571428571,Landscape,mid_score,train
428750,428750.jpg,4.833333333333333,Nature,mid_score,train
55818,55818.jpg,6.3406113537117905,Nature,mid_score,train
223161,223161.jpg,5.792,Landscape,mid_score,train
540892,540892.jpg,5.619318181818182,Travel,mid_score,train
601243,601243.jpg,5.419354838709677,Nature,mid_score,train
638066,638066.jpg,4.601063829787234,Landscape,mid_score,train
473610,473610.jpg,4.638036809815951,Landscape,mid_score,train
232541,232541.jpg,5.611111111111111,Travel,mid_score,train
492538,492538.jpg,5.431818181818182,Nature,mid_score,train
455915,455915.jpg,4.36150234741784,Architecture,mid_score,train
159607,159607.jpg,4.5272108843537415,Nature,mid_score,train
498298,498298.jpg,6.0859375,Landscape,mid_score,train
636040,636040.jpg,5.7594936708860756,Landscape,mid_score,train
244856,244856.jpg,6.194312796208531,Landscape,mid_score,train
136912,136912.jpg,6.567708333333333,Architecture,mid_score,train
359317,359317.jpg,4.981981981981982,Sky,mid_score,train
582921,582921.jpg,5.808510638297872,Nature,mid_score,train
416145,416145.jpg,6.3247863247863245,Sky,mid_score,train
55678,55678.jpg,5.469635627530365,Sky,mid_score,train
674767,674767.jpg,6.7935483870967746,Landscape,mid_score,train
286935,286935.jpg,5.744565217391305,Landscape,mid_score,train
464223,464223.jpg,5.815315315315315,Landscape,mid_score,train
432008,432008.jpg,6.693396226415095,Nature,mid_score,train
402219,402219.jpg,6.223958333333333,Sky,mid_score,train
165254,165254.jpg,5.76510067114094,Architecture,mid_score,train
21459,21459.jpg,5.849462365591398,Sky,mid_score,train
419046,419046.jpg,4.779569892473118,Nature,mid_score,train
611611,611611.jpg,5.031055900621118,Nature,mid_score,train
23031,23031.jpg,5.797169811320755,Architecture,mid_score,train
405532,405532.jpg,4.988505747126437,Nature,mid_score,train
393648,393648.jpg,6.233128834355829,Nature,mid_score,train
633444,633444.jpg,6.662337662337662,Sky,mid_score,train
687211,687211.jpg,5.502857142857143,Sky,mid_score,train
390528,390528.jpg,5.075268817204301,Nature,mid_score,train
386731,386731.jpg,6.584905660377358,Sky,mid_score,train
496352,496352.jpg,6.272,Landscape,mid_score,train
622180,622180.jpg,5.939698492462312,Landscape,mid_score,train
445145,445145.jpg,5.317919075144508,Nature,mid_score,train
166088,166088.jpg,5.23469387755102,Architecture,mid_score,train
190297,190297.jpg,4.577287066246057,Landscape,mid_score,train
396885,396885.jpg,5.539568345323741,Nature,mid_score,train
674412,674412.jpg,5.053892215568863,Architecture,mid_score,train
61746,61746.jpg,5.245508982035928,Architecture,mid_score,train
376563,376563.jpg,5.1466666666666665,Nature,mid_score,train
401036,401036.jpg,5.0703125,Nature,mid_score,train
422710,422710.jpg,5.161764705882353,Rural,mid_score,train
135917,135917.jpg,5.005464480874317,Architecture,mid_score,train
147517,147517.jpg,4.726224783861672,Architecture,mid_score,train
581885,581885.jpg,4.5394736842105265,Nature,mid_score,train
241799,241799.jpg,4.844660194174757,Landscape,mid_score,train
499151,499151.jpg,5.0346153846153845,Landscape,mid_score,train
479901,479901.jpg,4.757990867579909,Rural,mid_score,train
447960,447960.jpg,5.582608695652174,Nature,mid_score,train
435035,435035.jpg,5.390134529147982,Landscape,mid_score,train
525378,525378.jpg,5.951807228915663,Landscape,mid_score,train
493958,493958.jpg,5.37125748502994,Architecture,mid_score,train
147548,147548.jpg,5.489913544668588,Nature,mid_score,train
168994,168994.jpg,5.212707182320442,Nature,mid_score,train
674709,674709.jpg,5.631205673758865,Architecture,mid_score,train
655835,655835.jpg,6.053892215568863,Nature,mid_score,train
119220,119220.jpg,6.456410256410257,Nature,mid_score,train
104801,104801.jpg,4.411458333333333,Nature,mid_score,train
633876,633876.jpg,5.766536964980545,Landscape,mid_score,train
182292,182292.jpg,5.5772357723577235,Nature,mid_score,train
559986,559986.jpg,5.602941176470588,Sky,mid_score,train
691892,691892.jpg,4.051020408163265,Rural,mid_score,train
30775,30775.jpg,4.714285714285714,Nature,mid_score,train
44361,44361.jpg,4.655172413793103,Performance,mid_score,train
495995,495995.jpg,5.539906103286385,Nature,mid_score,train
526999,526999.jpg,4.972027972027972,Landscape,mid_score,train
522046,522046.jpg,5.899408284023669,Nature,mid_score,train
11636,11636.jpg,6.372340425531915,Landscape,mid_score,train
429998,429998.jpg,5.2,Nature,mid_score,train
434229,434229.jpg,5.352657004830918,Nature,mid_score,train
270793,270793.jpg,4.796491228070176,Nature,mid_score,train
40090,40090.jpg,4.942675159235669,Nature,mid_score,train
315507,315507.jpg,5.290196078431372,Landscape,mid_score,train
374079,374079.jpg,4.653465346534653,Architecture,mid_score,train
36758,36758.jpg,5.485915492957746,Nature,mid_score,train
625523,625523.jpg,4.298780487804878,Sky,mid_score,train
147159,147159.jpg,6.225519287833828,Rural,mid_score,train
471723,471723.jpg,4.938650306748467,Architecture,mid_score,train
282981,282981.jpg,5.483333333333333,Transportation,mid_score,train
58671,58671.jpg,6.547445255474453,Travel,mid_score,train
115117,115117.jpg,6.514056224899599,Sky,mid_score,train
560545,560545.jpg,4.300613496932515,Nature,mid_score,train
274939,274939.jpg,5.713603818615752,Rural,mid_score,train
426806,426806.jpg,5.258620689655173,Landscape,mid_score,train
400127,400127.jpg,6.107558139534884,Nature,mid_score,train
665434,665434.jpg,4.229591836734694,Nature,mid_score,train
653266,653266.jpg,6.796680497925311,Architecture,mid_score,train
522218,522218.jpg,5.6647058823529415,Landscape,mid_score,train
55737,55737.jpg,4.643518518518518,Nature,mid_score,train
442428,442428.jpg,6.324324324324325,Nature,mid_score,train
113894,113894.jpg,4.865454545454545,Landscape,mid_score,train
523356,523356.jpg,4.549738219895288,Architecture,mid_score,train
529211,529211.jpg,5.790960451977401,Nature,mid_score,train
318231,318231.jpg,5.972222222222222,Travel,mid_score,train
595687,595687.jpg,4.474025974025974,Nature,mid_score,train
570420,570420.jpg,5.630952380952381,Nature,mid_score,train
610205,610205.jpg,4.2368421052631575,Landscape,mid_score,train
480454,480454.jpg,5.116161616161616,Nature,mid_score,train
17559,17559.jpg,4.65,Nature,mid_score,train
386664,386664.jpg,5.012448132780083,Landscape,mid_score,train
358691,358691.jpg,4.954337899543379,Sky,mid_score,train
200345,200345.jpg,4.904109589041096,Sky,mid_score,train
283962,283962.jpg,6.27734375,Nature,mid_score,train
457961,457961.jpg,4.6503067484662575,Landscape,mid_score,train
570812,570812.jpg,5.566666666666666,Rural,mid_score,train
662252,662252.jpg,4.984375,Architecture,mid_score,train
415663,415663.jpg,4.7818930041152266,Performance,mid_score,train
477497,477497.jpg,5.074712643678161,Landscape,mid_score,train
200716,200716.jpg,4.84789644012945,Sky,mid_score,train
362365,362365.jpg,5.270531400966184,Architecture,mid_score,train
447666,447666.jpg,5.201117318435754,Architecture,mid_score,train
612982,612982.jpg,4.619047619047619,Landscape,mid_score,train
485451,485451.jpg,6.191489361702128,Performance,mid_score,train
521498,521498.jpg,6.0523255813953485,Landscape,mid_score,train
262396,262396.jpg,4.800724637681159,Nature,mid_score,train
183165,183165.jpg,5.418032786885246,Nature,mid_score,train
249534,249534.jpg,5.8125,Nature,mid_score,train
232748,232748.jpg,5.256521739130434,Sky,mid_score,train
440293,440293.jpg,5.357843137254902,Nature,mid_score,train
638789,638789.jpg,5.960199004975125,Nature,mid_score,train
243168,243168.jpg,5.223404255319149,Performance,mid_score,train
387897,387897.jpg,6.071161048689139,Nature,mid_score,train
628985,628985.jpg,5.662207357859532,Travel,mid_score,train
144356,144356.jpg,4.5936254980079685,Landscape,mid_score,train
283891,283891.jpg,5.1602209944751385,Landscape,mid_score,train
364194,364194.jpg,4.809364548494983,Nature,mid_score,train
625458,625458.jpg,5.348101265822785,Nature,mid_score,train
289255,289255.jpg,6.598958333333333,Landscape,mid_score,train
11235,11235.jpg,5.633165829145729,Rural,mid_score,train
282664,282664.jpg,5.36,Landscape,mid_score,train
322114,322114.jpg,5.860576923076923,Transportation,mid_score,train
472074,472074.jpg,4.911504424778761,Nature,mid_score,train
614885,614885.jpg,4.546666666666667,Architecture,mid_score,train
443391,443391.jpg,5.576470588235294,Architecture,mid_score,train
578009,578009.jpg,5.0212765957446805,Nature,mid_score,train
230245,230245.jpg,5.762962962962963,Landscape,mid_score,train
577714,577714.jpg,6.961165048543689,Nature,mid_score,train
149840,149840.jpg,6.7979274611398965,Rural,mid_score,train
315903,315903.jpg,5.485576923076923,Nature,mid_score,train
675077,675077.jpg,6.507042253521127,Landscape,mid_score,train
480351,480351.jpg,5.2076502732240435,Transportation,mid_score,train
31553,31553.jpg,6.004385964912281,Architecture,mid_score,train
254523,254523.jpg,5.7251461988304095,Sky,mid_score,train
528286,528286.jpg,5.988700564971752,Landscape,mid_score,train
596082,596082.jpg,6.270833333333333,Nature,mid_score,train
168493,168493.jpg,5.445344129554656,Nature,mid_score,train
602507,602507.jpg,5.123711340206185,Sky,mid_score,train
383383,383383.jpg,6.0,Landscape,mid_score,train
547060,547060.jpg,6.119205298013245,Landscape,mid_score,train
669839,669839.jpg,6.47741935483871,Landscape,mid_score,train
43257,43257.jpg,4.342222222222222,Nature,mid_score,train
368417,368417.jpg,4.768041237113402,Architecture,mid_score,train
24037,24037.jpg,4.447826086956522,Landscape,mid_score,train
49351,49351.jpg,5.012396694214876,Sky,mid_score,train
571823,571823.jpg,4.255,Landscape,mid_score,train
418679,418679.jpg,6.146938775510204,Nature,mid_score,train
67196,67196.jpg,6.167539267015707,Architecture,mid_score,train
443904,443904.jpg,4.9021739130434785,Nature,mid_score,train
676624,676624.jpg,6.03125,Nature,mid_score,train
605812,605812.jpg,6.544715447154472,Landscape,mid_score,train
245508,245508.jpg,5.3776223776223775,Landscape,mid_score,train
245568,245568.jpg,6.308035714285714,Performance,mid_score,train
104611,104611.jpg,4.96,Transportation,mid_score,train
203507,203507.jpg,5.428571428571429,Nature,mid_score,train
462030,462030.jpg,6.270440251572327,Transportation,mid_score,train
577652,577652.jpg,5.459119496855346,Architecture,mid_score,train
434643,434643.jpg,6.371308016877637,Nature,mid_score,train
224061,224061.jpg,4.901185770750988,Nature,mid_score,train
118959,118959.jpg,5.036649214659686,Nature,mid_score,train
472334,472334.jpg,4.8895348837209305,Nature,mid_score,train
656218,656218.jpg,6.047337278106509,Nature,mid_score,train
669546,669546.jpg,5.720779220779221,Architecture,mid_score,train
455288,455288.jpg,5.35064935064935,Nature,mid_score,train
282953,282953.jpg,4.6022727272727275,Travel,mid_score,train
204855,204855.jpg,6.277777777777778,Landscape,mid_score,train
648813,648813.jpg,5.310502283105023,Architecture,mid_score,train
636153,636153.jpg,5.9875,Architecture,mid_score,train
471420,471420.jpg,5.189075630252101,Performance,mid_score,train
420945,420945.jpg,5.6125,Performance,mid_score,train
226503,226503.jpg,5.108333333333333,Architecture,mid_score,train
231516,231516.jpg,5.299107142857143,Nature,mid_score,train
263621,263621.jpg,5.084,Architecture,mid_score,train
550047,550047.jpg,5.4010989010989015,Travel,mid_score,train
636839,636839.jpg,5.355263157894737,Landscape,mid_score,train
663545,663545.jpg,5.459119496855346,Nature,mid_score,train
432840,432840.jpg,4.681818181818182,Landscape,mid_score,train
472812,472812.jpg,6.064327485380117,Travel,mid_score,train
40653,40653.jpg,5.16734693877551,Landscape,mid_score,train
136709,136709.jpg,5.45945945945946,Nature,mid_score,train
611582,611582.jpg,4.932584269662922,Nature,mid_score,train
424779,424779.jpg,4.756578947368421,Transportation,mid_score,train
651112,651112.jpg,5.668674698795181,Landscape,mid_score,train
676005,676005.jpg,5.6923076923076925,Nature,mid_score,train
516401,516401.jpg,4.785087719298246,Landscape,mid_score,train
272131,272131.jpg,4.380327868852459,Architecture,mid_score,train
26328,26328.jpg,5.417040358744394,Nature,mid_score,train
61744,61744.jpg,5.1453900709219855,Nature,mid_score,train
564196,564196.jpg,6.214285714285714,Nature,mid_score,train
539873,539873.jpg,4.630434782608695,Landscape,mid_score,train
26909,26909.jpg,5.149606299212598,Nature,mid_score,train
506155,506155.jpg,4.832258064516129,Nature,mid_score,train
100661,100661.jpg,4.947040498442368,Transportation,mid_score,train
523795,523795.jpg,5.62200956937799,Nature,mid_score,train
183074,183074.jpg,6.165322580645161,Landscape,mid_score,train
262227,262227.jpg,5.821818181818182,Landscape,mid_score,train
64829,64829.jpg,4.018248175182482,Rural,mid_score,train
69229,69229.jpg,6.289115646258503,Nature,mid_score,train
679628,679628.jpg,4.448275862068965,Landscape,mid_score,train
679865,679865.jpg,6.367469879518072,Nature,mid_score,train
103212,103212.jpg,5.01015228426396,Landscape,mid_score,train
113593,113593.jpg,5.059233449477352,Transportation,mid_score,train
139827,139827.jpg,4.3546099290780145,Transportation,mid_score,train
196816,196816.jpg,4.142857142857143,Transportation,mid_score,train
49196,49196.jpg,5.956521739130435,Nature,mid_score,train
431549,431549.jpg,5.388888888888889,Nature,mid_score,train
275322,275322.jpg,4.900462962962963,Performance,mid_score,train
225019,225019.jpg,6.261744966442953,Rural,mid_score,train
616713,616713.jpg,5.879746835443038,Landscape,mid_score,train
444576,444576.jpg,6.466346153846154,Transportation,mid_score,train
414896,414896.jpg,4.784313725490196,Transportation,mid_score,train
41298,41298.jpg,6.221343873517786,Architecture,mid_score,train
433555,433555.jpg,6.922580645161291,Landscape,mid_score,train
103758,103758.jpg,5.391634980988593,Nature,mid_score,train
375673,375673.jpg,4.590425531914893,Transportation,mid_score,train
616773,616773.jpg,6.343065693430657,Sky,mid_score,train
511211,511211.jpg,5.03921568627451,Nature,mid_score,train
360813,360813.jpg,4.747572815533981,Landscape,mid_score,train
163634,163634.jpg,5.78169014084507,Architecture,mid_score,train
562769,562769.jpg,5.461187214611872,Sky,mid_score,train
604441,604441.jpg,5.695876288659794,Nature,mid_score,train
635173,635173.jpg,5.2824858757062145,Architecture,mid_score,train
166482,166482.jpg,6.275303643724697,Sky,mid_score,train
100808,100808.jpg,5.083333333333333,Nature,mid_score,train
382603,382603.jpg,6.757142857142857,Landscape,mid_score,train
383307,383307.jpg,4.60352422907489,Nature,mid_score,train
547829,547829.jpg,5.109523809523809,Nature,mid_score,train
229038,229038.jpg,4.405904059040591,Landscape,mid_score,train
158465,158465.jpg,4.717557251908397,Nature,mid_score,train
648259,648259.jpg,4.6298076923076925,Performance,mid_score,train
376030,376030.jpg,4.62396694214876,Transportation,mid_score,train
424693,424693.jpg,6.041095890410959,Nature,mid_score,train
206573,206573.jpg,4.51685393258427,Architecture,mid_score,train
230388,230388.jpg,6.273062730627307,Landscape,mid_score,train
571993,571993.jpg,5.30188679245283,Rural,mid_score,train
669174,669174.jpg,6.238372093023256,Landscape,mid_score,train
18241,18241.jpg,5.615384615384615,Landscape,mid_score,train
535573,535573.jpg,6.25,Landscape,mid_score,train
390793,390793.jpg,5.10377358490566,Landscape,mid_score,train
315810,315810.jpg,5.651428571428571,Nature,mid_score,train
604832,604832.jpg,6.1440677966101696,Landscape,mid_score,train
504215,504215.jpg,5.726114649681529,Architecture,mid_score,train
599849,599849.jpg,5.296774193548387,Architecture,mid_score,train
476598,476598.jpg,5.842342342342342,Landscape,mid_score,train
298319,298319.jpg,6.086206896551724,Nature,mid_score,train
18117,18117.jpg,6.776859504132231,Sky,mid_score,train
390692,390692.jpg,4.783505154639175,Rural,mid_score,train
10095,10095.jpg,5.596938775510204,Landscape,mid_score,train
493668,493668.jpg,5.367567567567567,Landscape,mid_score,train
121175,121175.jpg,4.822742474916388,Nature,mid_score,train
600242,600242.jpg,6.290780141843972,Nature,mid_score,train
204522,204522.jpg,6.63849765258216,Landscape,mid_score,train
386695,386695.jpg,4.925675675675675,Sky,mid_score,train
625078,625078.jpg,5.37037037037037,Architecture,mid_score,train
445771,445771.jpg,5.611607142857143,Sky,mid_score,train
361969,361969.jpg,4.739130434782608,Landscape,mid_score,train
682366,682366.jpg,5.188311688311688,Nature,mid_score,train
135442,135442.jpg,5.342182890855457,Travel,mid_score,train
230571,230571.jpg,5.69283276450512,Sky,mid_score,train
664814,664814.jpg,5.680722891566265,Nature,mid_score,train
506142,506142.jpg,6.3602484472049685,Transportation,mid_score,train
642565,642565.jpg,5.756880733944954,Nature,mid_score,train
658457,658457.jpg,4.84180790960452,Sky,mid_score,train
198761,198761.jpg,5.940928270042194,Nature,mid_score,train
361193,361193.jpg,4.963157894736842,Nature,mid_score,train
497959,497959.jpg,5.042801556420233,Nature,mid_score,train
48165,48165.jpg,5.756521739130434,Landscape,mid_score,train
103335,103335.jpg,5.276515151515151,Transportation,mid_score,train
230267,230267.jpg,6.09433962264151,Sky,mid_score,train
420669,420669.jpg,5.852017937219731,Landscape,mid_score,train
534322,534322.jpg,5.029629629629629,Nature,mid_score,train
260657,260657.jpg,5.225454545454546,Rural,mid_score,train
139756,139756.jpg,6.023728813559322,Architecture,mid_score,train
164970,164970.jpg,5.737179487179487,Architecture,mid_score,train
400819,400819.jpg,6.372549019607843,Travel,mid_score,train
313334,313334.jpg,5.705882352941177,Nature,mid_score,train
233901,233901.jpg,4.640692640692641,Nature,mid_score,train
140568,140568.jpg,6.4907407407407405,Nature,mid_score,train
443518,443518.jpg,6.571428571428571,Landscape,mid_score,train
249602,249602.jpg,5.196363636363636,Landscape,mid_score,train
236797,236797.jpg,4.816831683168317,Architecture,mid_score,train
391375,391375.jpg,5.958904109589041,Sky,mid_score,train
686880,686880.jpg,4.469879518072289,Transportation,mid_score,train
678549,678549.jpg,5.257777777777778,Transportation,mid_score,train
365960,365960.jpg,6.252336448598131,Nature,mid_score,train
619426,619426.jpg,5.933673469387755,Nature,mid_score,train
39891,39891.jpg,5.79054054054054,Nature,mid_score,train
533522,533522.jpg,5.243421052631579,Nature,mid_score,train
13707,13707.jpg,4.921568627450981,Landscape,mid_score,train
268336,268336.jpg,6.475555555555555,Landscape,mid_score,train
543426,543426.jpg,5.282894736842105,Performance,mid_score,train
662278,662278.jpg,5.532967032967033,Nature,mid_score,train
607174,607174.jpg,6.6484375,Landscape,mid_score,train
553825,553825.jpg,5.876923076923077,Landscape,mid_score,train
563054,563054.jpg,6.71523178807947,Architecture,mid_score,train
221996,221996.jpg,5.7772277227722775,Rural,mid_score,train
652907,652907.jpg,5.703947368421052,Architecture,mid_score,train
587699,587699.jpg,6.910614525139665,Performance,mid_score,train
372389,372389.jpg,5.442211055276382,Nature,mid_score,train
11006,11006.jpg,6.2845188284518825,Landscape,mid_score,train
562939,562939.jpg,6.1231884057971016,Landscape,mid_score,train
275508,275508.jpg,6.35377358490566,Landscape,mid_score,train
279178,279178.jpg,5.539647577092511,Nature,mid_score,train
365504,365504.jpg,5.043771043771044,Landscape,mid_score,train
391427,391427.jpg,6.071111111111111,Landscape,mid_score,train
512570,512570.jpg,6.092920353982301,Landscape,mid_score,train
684056,684056.jpg,5.532894736842105,Sky,mid_score,train
10258,10258.jpg,4.612565445026178,Architecture,mid_score,train
447986,447986.jpg,4.973293768545994,Sky,mid_score,train
464482,464482.jpg,5.3852813852813854,Nature,mid_score,train
401243,401243.jpg,4.116731517509727,Landscape,mid_score,train
185278,185278.jpg,5.065573770491803,Sky,mid_score,train
285377,285377.jpg,5.907692307692308,Nature,mid_score,train
528526,528526.jpg,6.468208092485549,Rural,mid_score,train
490845,490845.jpg,4.900662251655629,Nature,mid_score,train
319335,319335.jpg,4.331967213114754,Nature,mid_score,train
375637,375637.jpg,4.181818181818182,Architecture,mid_score,train
521783,521783.jpg,6.530487804878049,Nature,mid_score,train
54720,54720.jpg,6.458677685950414,Nature,mid_score,train
196026,196026.jpg,4.585454545454546,Transportation,mid_score,train
492450,492450.jpg,6.221052631578948,Transportation,mid_score,train
439091,439091.jpg,5.961325966850829,Nature,mid_score,train
366180,366180.jpg,5.786069651741293,Architecture,mid_score,train
415968,415968.jpg,4.489675516224189,Landscape,mid_score,train
3915,3915.jpg,4.631578947368421,Rural,mid_score,train
188812,188812.jpg,5.393258426966292,Nature,mid_score,train
272857,272857.jpg,5.833723653395785,Nature,mid_score,train
403709,403709.jpg,5.2272727272727275,Nature,mid_score,train
541208,541208.jpg,4.7727272727272725,Nature,mid_score,train
204843,204843.jpg,5.995575221238938,Nature,mid_score,train
571142,571142.jpg,6.772093023255814,Landscape,mid_score,train
512752,512752.jpg,5.091324200913242,Transportation,mid_score,train
310582,310582.jpg,5.359605911330049,Architecture,mid_score,train
250900,250900.jpg,5.256410256410256,Performance,mid_score,train
674496,674496.jpg,5.109756097560975,Landscape,mid_score,train
377196,377196.jpg,5.884297520661157,Transportation,mid_score,train
666731,666731.jpg,5.071651090342679,Landscape,mid_score,train
255162,255162.jpg,6.079510703363915,Landscape,mid_score,train
492489,492489.jpg,4.855491329479769,Sky,mid_score,train
551153,551153.jpg,5.280701754385965,Landscape,mid_score,train
43231,43231.jpg,4.738938053097345,Architecture,mid_score,train
480344,480344.jpg,5.5594059405940595,Transportation,mid_score,train
676378,676378.jpg,5.913978494623656,Sky,mid_score,train
312822,312822.jpg,5.168181818181818,Performance,mid_score,train
434488,434488.jpg,5.412017167381975,Nature,mid_score,train
627975,627975.jpg,5.945121951219512,Landscape,mid_score,train
160307,160307.jpg,6.2727272727272725,Landscape,mid_score,train
199304,199304.jpg,5.094017094017094,Nature,mid_score,train
13644,13644.jpg,4.833333333333333,Landscape,mid_score,train
516691,516691.jpg,4.445414847161572,Nature,mid_score,train
605726,605726.jpg,5.619047619047619,Rural,mid_score,train
18677,18677.jpg,4.670731707317073,Nature,mid_score,train
670970,670970.jpg,4.925465838509317,Landscape,mid_score,train
387944,387944.jpg,5.783464566929134,Nature,mid_score,train
669394,669394.jpg,5.901960784313726,Nature,mid_score,train
18727,18727.jpg,5.0257510729613735,Nature,mid_score,train
188677,188677.jpg,5.6603053435114505,Nature,mid_score,train
21231,21231.jpg,4.5136612021857925,Nature,mid_score,train
605659,605659.jpg,6.487394957983193,Landscape,mid_score,train
444777,444777.jpg,5.297169811320755,Performance,mid_score,train
68187,68187.jpg,4.994252873563219,Rural,mid_score,train
534690,534690.jpg,6.057553956834532,Nature,mid_score,train
546193,546193.jpg,6.7190082644628095,Nature,mid_score,train
287824,287824.jpg,5.55440414507772,Nature,mid_score,train
633685,633685.jpg,4.729166666666667,Architecture,mid_score,train
166470,166470.jpg,5.958677685950414,Architecture,mid_score,train
591763,591763.jpg,5.826666666666667,Landscape,mid_score,train
659145,659145.jpg,6.462882096069869,Architecture,mid_score,train
2437,2437.jpg,5.845814977973569,Nature,mid_score,train
298255,298255.jpg,5.303754266211604,Nature,mid_score,train
383868,383868.jpg,5.512820512820513,Sky,mid_score,train
360768,360768.jpg,4.717821782178218,Nature,mid_score,train
369524,369524.jpg,4.465753424657534,Nature,mid_score,train
438418,438418.jpg,5.034090909090909,Sky,mid_score,train
228314,228314.jpg,4.118881118881119,Transportation,mid_score,train
679231,679231.jpg,5.256944444444445,Nature,mid_score,train
29408,29408.jpg,5.1607843137254905,Sky,mid_score,train
593918,593918.jpg,4.822429906542056,Landscape,mid_score,train
298143,298143.jpg,4.180555555555555,Nature,mid_score,train
487589,487589.jpg,6.945054945054945,Landscape,mid_score,train
523821,523821.jpg,5.928994082840236,Transportation,mid_score,train
579640,579640.jpg,5.8618421052631575,Nature,mid_score,train
635808,635808.jpg,6.524193548387097,Landscape,mid_score,train
231165,231165.jpg,4.133828996282528,Landscape,mid_score,train
489760,489760.jpg,4.066666666666666,Nature,mid_score,train
254874,254874.jpg,5.081081081081081,Landscape,mid_score,train
516365,516365.jpg,4.927659574468085,Landscape,mid_score,train
442183,442183.jpg,5.278048780487805,Landscape,mid_score,train
494540,494540.jpg,5.3431372549019605,Transportation,mid_score,train
475568,475568.jpg,6.104803493449782,Nature,mid_score,train
665443,665443.jpg,4.49685534591195,Landscape,mid_score,train
640635,640635.jpg,6.0,Architecture,mid_score,train
224869,224869.jpg,5.2827586206896555,Nature,mid_score,train
679204,679204.jpg,6.1923076923076925,Landscape,mid_score,train
669051,669051.jpg,5.197530864197531,Nature,mid_score,train
433177,433177.jpg,5.398104265402844,Nature,mid_score,train
442660,442660.jpg,5.767441860465116,Architecture,mid_score,train
385927,385927.jpg,5.037974683544304,Nature,mid_score,train
103101,103101.jpg,4.9451476793248945,Nature,mid_score,train
522004,522004.jpg,4.961352657004831,Nature,mid_score,train
498433,498433.jpg,4.962264150943396,Landscape,mid_score,train
501190,501190.jpg,6.60248447204969,Nature,mid_score,train
64634,64634.jpg,5.67379679144385,Landscape,mid_score,train
533937,533937.jpg,6.380645161290323,Landscape,mid_score,train
676124,676124.jpg,6.155405405405405,Nature,mid_score,train
313784,313784.jpg,4.36875,Nature,mid_score,train
397810,397810.jpg,6.640816326530612,Sky,mid_score,train
587754,587754.jpg,5.5964912280701755,Sky,mid_score,train
654626,654626.jpg,5.144796380090498,Transportation,mid_score,train
415430,415430.jpg,6.085201793721973,Transportation,mid_score,train
486776,486776.jpg,5.7569060773480665,Performance,mid_score,train
165520,165520.jpg,5.377926421404682,Landscape,mid_score,train
226903,226903.jpg,6.145669291338582,Landscape,mid_score,train
225690,225690.jpg,5.620833333333334,Travel,mid_score,train
625601,625601.jpg,6.347058823529411,Nature,mid_score,train
364824,364824.jpg,5.512280701754386,Nature,mid_score,train
639429,639429.jpg,5.878947368421053,Architecture,mid_score,train
570093,570093.jpg,4.836448598130841,Landscape,mid_score,train
639808,639808.jpg,6.2227722772277225,Architecture,mid_score,train
441358,441358.jpg,6.387755102040816,Nature,mid_score,train
109796,109796.jpg,5.105263157894737,Nature,mid_score,train
447497,447497.jpg,5.070707070707071,Landscape,mid_score,train
317012,317012.jpg,5.9185185185185185,Sky,mid_score,train
292338,292338.jpg,5.612426035502959,Performance,mid_score,train
403835,403835.jpg,6.16580310880829,Landscape,mid_score,train
60026,60026.jpg,5.258823529411765,Sky,mid_score,train
215996,215996.jpg,5.736654804270462,Transportation,mid_score,train
211756,211756.jpg,5.6118143459915615,Travel,mid_score,train
627703,627703.jpg,5.761261261261262,Nature,mid_score,train
402564,402564.jpg,6.865116279069768,Travel,mid_score,train
638699,638699.jpg,6.705,Architecture,mid_score,train
262757,262757.jpg,6.070110701107011,Transportation,mid_score,train
207794,207794.jpg,5.56544502617801,Landscape,mid_score,train
254156,254156.jpg,5.301449275362319,Sky,mid_score,train
163627,163627.jpg,6.524793388429752,Nature,mid_score,train
303250,303250.jpg,5.25,Nature,mid_score,train
110123,110123.jpg,4.66044776119403,Nature,mid_score,train
497021,497021.jpg,6.590909090909091,Landscape,mid_score,train
140492,140492.jpg,5.080419580419581,Transportation,mid_score,train
471328,471328.jpg,4.808695652173913,Transportation,mid_score,train
663428,663428.jpg,6.102409638554217,Landscape,mid_score,train
283881,283881.jpg,5.782738095238095,Nature,mid_score,train
62615,62615.jpg,5.573770491803279,Architecture,mid_score,train
58852,58852.jpg,5.893048128342246,Sky,mid_score,train
545401,545401.jpg,6.420382165605096,Landscape,mid_score,train
195669,195669.jpg,6.086956521739131,Nature,mid_score,train
102989,102989.jpg,5.440860215053763,Architecture,mid_score,train
188680,188680.jpg,5.0347490347490345,Rural,mid_score,train
571380,571380.jpg,5.957746478873239,Landscape,mid_score,train
257191,257191.jpg,5.134328358208955,Nature,mid_score,train
672193,672193.jpg,5.10828025477707,Performance,mid_score,train
534057,534057.jpg,6.073825503355705,Sky,mid_score,train
44303,44303.jpg,5.469135802469136,Landscape,mid_score,train
388356,388356.jpg,4.861471861471862,Sky,mid_score,train
116887,116887.jpg,5.308641975308642,Nature,mid_score,train
596513,596513.jpg,4.851612903225806,Nature,mid_score,train
377447,377447.jpg,5.903381642512077,Landscape,mid_score,train
512470,512470.jpg,5.9908675799086755,Landscape,mid_score,train
537119,537119.jpg,5.906077348066298,Landscape,mid_score,train
456454,456454.jpg,5.314814814814815,Landscape,mid_score,train
217738,217738.jpg,4.598006644518272,Nature,mid_score,train
377472,377472.jpg,5.871485943775101,Transportation,mid_score,train
409701,409701.jpg,5.294685990338165,Landscape,mid_score,train
403932,403932.jpg,6.606060606060606,Landscape,mid_score,train
281862,281862.jpg,4.779043280182233,Nature,mid_score,train
500036,500036.jpg,5.284916201117318,Landscape,mid_score,train
176548,176548.jpg,4.525735294117647,Landscape,mid_score,train
621558,621558.jpg,5.819327731092437,Landscape,mid_score,train
255622,255622.jpg,5.67076923076923,Sky,mid_score,train
457718,457718.jpg,5.365296803652968,Architecture,mid_score,train
691502,691502.jpg,5.482352941176471,Performance,mid_score,train
165897,165897.jpg,4.632107023411371,Landscape,mid_score,train
551814,551814.jpg,5.611111111111111,Architecture,mid_score,train
430952,430952.jpg,5.371859296482412,Nature,mid_score,train
159972,159972.jpg,5.274611398963731,Architecture,mid_score,train
279454,279454.jpg,6.117782909930716,Landscape,mid_score,train
406041,406041.jpg,4.06145251396648,Nature,mid_score,train
229870,229870.jpg,5.49609375,Architecture,mid_score,train
102791,102791.jpg,5.533333333333333,Landscape,mid_score,train
298889,298889.jpg,6.6396103896103895,Landscape,mid_score,train
163558,163558.jpg,6.293877551020408,Sky,mid_score,train
536236,536236.jpg,5.720588235294118,Travel,mid_score,train
388692,388692.jpg,5.717741935483871,Nature,mid_score,train
275997,275997.jpg,4.501128668171558,Nature,mid_score,train
591805,591805.jpg,6.845132743362832,Architecture,mid_score,train
657748,657748.jpg,6.276315789473684,Rural,mid_score,train
491438,491438.jpg,5.644670050761421,Nature,mid_score,train
305084,305084.jpg,5.7979274611398965,Landscape,mid_score,train
587702,587702.jpg,5.943502824858757,Sky,mid_score,train
310471,310471.jpg,6.54,Travel,mid_score,train
57484,57484.jpg,5.147239263803681,Nature,mid_score,train
667513,667513.jpg,5.346153846153846,Architecture,mid_score,train
413561,413561.jpg,6.2481203007518795,Nature,mid_score,train
185134,185134.jpg,5.3108108108108105,Landscape,mid_score,train
284249,284249.jpg,5.509036144578313,Nature,mid_score,train
415716,415716.jpg,5.424124513618677,Nature,mid_score,train
118387,118387.jpg,5.305699481865285,Nature,mid_score,train
551326,551326.jpg,4.956140350877193,Nature,mid_score,train
524962,524962.jpg,6.011428571428572,Landscape,mid_score,train
640952,640952.jpg,6.598591549295775,Landscape,mid_score,train
587458,587458.jpg,5.798319327731092,Landscape,mid_score,train
205671,205671.jpg,5.4840989399293285,Nature,mid_score,train
63346,63346.jpg,6.025974025974026,Architecture,mid_score,train
18907,18907.jpg,6.715447154471545,Nature,mid_score,train
423108,423108.jpg,6.22093023255814,Rural,mid_score,train
440451,440451.jpg,5.436018957345971,Nature,mid_score,train
578716,578716.jpg,5.248322147651007,Sky,mid_score,train
192360,192360.jpg,5.220264317180617,Nature,mid_score,train
239535,239535.jpg,5.283236994219653,Architecture,mid_score,train
298995,298995.jpg,4.9440298507462686,Architecture,mid_score,train
264127,264127.jpg,6.614545454545454,Nature,mid_score,train
280609,280609.jpg,5.852873563218391,Nature,mid_score,train
312196,312196.jpg,4.53475935828877,Architecture,mid_score,train
312546,312546.jpg,5.843023255813954,Nature,mid_score,train
26441,26441.jpg,5.074626865671642,Nature,mid_score,train
244352,244352.jpg,5.201793721973094,Landscape,mid_score,train
446574,446574.jpg,6.2265625,Landscape,mid_score,train
171235,171235.jpg,4.733333333333333,Nature,mid_score,train
223463,223463.jpg,5.900398406374502,Nature,mid_score,train
319683,319683.jpg,6.1216730038022815,Architecture,mid_score,train
475547,475547.jpg,5.593023255813954,Nature,mid_score,train
627829,627829.jpg,5.982035928143713,Nature,mid_score,train
424013,424013.jpg,5.227586206896552,Performance,mid_score,train
309237,309237.jpg,5.103960396039604,Landscape,mid_score,train
367288,367288.jpg,4.357638888888889,Transportation,mid_score,train
164236,164236.jpg,5.583596214511041,Architecture,mid_score,train
635186,635186.jpg,6.2190082644628095,Travel,mid_score,train
567966,567966.jpg,6.466666666666667,Architecture,mid_score,train
10148,10148.jpg,5.421875,Sky,mid_score,train
538893,538893.jpg,5.446808510638298,Nature,mid_score,train
429227,429227.jpg,5.476190476190476,Nature,mid_score,train
204066,204066.jpg,5.019230769230769,Nature,mid_score,train
31110,31110.jpg,6.65296803652968,Nature,mid_score,train
13763,13763.jpg,6.210280373831775,Landscape,mid_score,train
401565,401565.jpg,4.78421052631579,Landscape,mid_score,train
516302,516302.jpg,4.956521739130435,Landscape,mid_score,train
360904,360904.jpg,5.954545454545454,Landscape,mid_score,train
671010,671010.jpg,4.893203883495145,Architecture,mid_score,train
408018,408018.jpg,5.811111111111111,Sky,mid_score,train
254516,254516.jpg,5.643274853801169,Landscape,mid_score,train
268080,268080.jpg,4.774725274725275,Landscape,mid_score,train
13785,13785.jpg,5.6650717703349285,Landscape,mid_score,train
499375,499375.jpg,6.36231884057971,Landscape,mid_score,train
659049,659049.jpg,5.101851851851852,Landscape,mid_score,train
564596,564596.jpg,5.326530612244898,Architecture,mid_score,train
419379,419379.jpg,5.492227979274611,Nature,mid_score,train
317075,317075.jpg,5.157894736842105,Nature,mid_score,train
19969,19969.jpg,6.915555555555556,Nature,mid_score,train
248412,248412.jpg,4.757062146892656,Landscape,mid_score,train
317747,317747.jpg,4.453846153846154,Nature,mid_score,train
158585,158585.jpg,4.547892720306513,Rural,mid_score,train
115940,115940.jpg,5.910638297872341,Sky,mid_score,train
680156,680156.jpg,4.796208530805687,Landscape,mid_score,train
635712,635712.jpg,5.423868312757202,Transportation,mid_score,train
591542,591542.jpg,5.461187214611872,Landscape,mid_score,train
115312,115312.jpg,4.583333333333333,Landscape,mid_score,train
225643,225643.jpg,4.068840579710145,Landscape,mid_score,train
427124,427124.jpg,5.923387096774194,Rural,mid_score,train
272466,272466.jpg,5.306397306397306,Architecture,mid_score,train
214274,214274.jpg,5.467128027681661,Architecture,mid_score,train
486170,486170.jpg,5.338624338624339,Nature,mid_score,train
289715,289715.jpg,4.840740740740741,Transportation,mid_score,train
234870,234870.jpg,5.6,Landscape,mid_score,train
579745,579745.jpg,5.734265734265734,Nature,mid_score,train
474716,474716.jpg,5.777142857142858,Landscape,mid_score,train
60306,60306.jpg,5.1169811320754715,Rural,mid_score,train
570764,570764.jpg,5.641148325358851,Rural,mid_score,train
257765,257765.jpg,5.2,Nature,mid_score,train
298846,298846.jpg,5.332203389830508,Landscape,mid_score,train
183752,183752.jpg,5.25,Nature,mid_score,train
67252,67252.jpg,5.48943661971831,Landscape,mid_score,train
427657,427657.jpg,6.356481481481482,Architecture,mid_score,train
279728,279728.jpg,5.856617647058823,Landscape,mid_score,train
411222,411222.jpg,4.978070175438597,Nature,mid_score,train
685324,685324.jpg,6.472972972972973,Landscape,mid_score,train
302756,302756.jpg,5.0476190476190474,Sky,mid_score,train
294655,294655.jpg,5.379166666666666,Landscape,mid_score,train
428708,428708.jpg,4.971698113207547,Landscape,mid_score,train
453603,453603.jpg,4.85531914893617,Nature,mid_score,train
283008,283008.jpg,5.62962962962963,Landscape,mid_score,train
443715,443715.jpg,6.751381215469613,Landscape,mid_score,train
249498,249498.jpg,5.091911764705882,Nature,mid_score,train
577625,577625.jpg,5.591194968553459,Nature,mid_score,train
239342,239342.jpg,5.131147540983607,Landscape,mid_score,train
525321,525321.jpg,6.1125,Sky,mid_score,train
307005,307005.jpg,5.5504587155963305,Sky,mid_score,train
242242,242242.jpg,4.416058394160584,Nature,mid_score,train
638611,638611.jpg,4.293814432989691,Nature,mid_score,train
184392,184392.jpg,5.382488479262673,Nature,mid_score,train
678341,678341.jpg,6.243362831858407,Transportation,mid_score,train
443997,443997.jpg,5.986238532110092,Landscape,mid_score,train
39640,39640.jpg,4.76,Sky,mid_score,train
430411,430411.jpg,5.208092485549133,Architecture,mid_score,train
60190,60190.jpg,5.049382716049383,Travel,mid_score,train
663599,663599.jpg,6.170068027210885,Nature,mid_score,train
473657,473657.jpg,5.538011695906433,Rural,mid_score,train
582548,582548.jpg,5.536723163841808,Nature,mid_score,train
103226,103226.jpg,6.404651162790698,Travel,mid_score,train
603068,603068.jpg,5.119718309859155,Landscape,mid_score,train
385336,385336.jpg,5.379032258064516,Nature,mid_score,train
633617,633617.jpg,4.729838709677419,Nature,mid_score,train
563200,563200.jpg,5.728682170542636,Travel,mid_score,train
616589,616589.jpg,5.450381679389313,Landscape,mid_score,train
240512,240512.jpg,6.805668016194332,Nature,mid_score,train
447993,447993.jpg,5.498525073746313,Transportation,mid_score,train
247411,247411.jpg,5.716157205240175,Nature,mid_score,train
535026,535026.jpg,5.283018867924528,Architecture,mid_score,train
286414,286414.jpg,5.368131868131868,Landscape,mid_score,train
672768,672768.jpg,6.257575757575758,Transportation,mid_score,train
393778,393778.jpg,5.469072164948454,Landscape,mid_score,train
276418,276418.jpg,4.173441734417344,Nature,mid_score,train
318009,318009.jpg,5.305084745762712,Transportation,mid_score,train
276290,276290.jpg,6.3825,Transportation,mid_score,train
390430,390430.jpg,5.772486772486772,Sky,mid_score,train
101816,101816.jpg,4.726415094339623,Nature,mid_score,train
659395,659395.jpg,5.825112107623318,Landscape,mid_score,train
167579,167579.jpg,5.02928870292887,Architecture,mid_score,train
514524,514524.jpg,4.434782608695652,Nature,mid_score,train
598077,598077.jpg,5.446043165467626,Nature,mid_score,train
481346,481346.jpg,5.553333333333334,Sky,mid_score,train
54277,54277.jpg,4.815573770491803,Architecture,mid_score,train
165780,165780.jpg,4.701298701298701,Architecture,mid_score,train
402317,402317.jpg,5.131428571428572,Nature,mid_score,train
674196,674196.jpg,5.3526011560693645,Rural,mid_score,train
571831,571831.jpg,6.160377358490566,Architecture,mid_score,train
615951,615951.jpg,5.3283582089552235,Nature,mid_score,train
216426,216426.jpg,5.013774104683195,Performance,mid_score,train
18219,18219.jpg,5.245689655172414,Nature,mid_score,train
573610,573610.jpg,5.827225130890052,Transportation,mid_score,train
460629,460629.jpg,5.900552486187845,Nature,mid_score,train
148762,148762.jpg,5.050691244239632,Nature,mid_score,train
566614,566614.jpg,5.506849315068493,Performance,mid_score,train
527414,527414.jpg,6.147651006711409,Nature,mid_score,train
445844,445844.jpg,5.197115384615385,Architecture,mid_score,train
119516,119516.jpg,5.330097087378641,Landscape,mid_score,train
231191,231191.jpg,4.565693430656935,Architecture,mid_score,train
290577,290577.jpg,5.023255813953488,Architecture,mid_score,train
571696,571696.jpg,5.053398058252427,Landscape,mid_score,train
412888,412888.jpg,4.738938053097345,Nature,mid_score,train
43903,43903.jpg,6.7368421052631575,Architecture,mid_score,train
220038,220038.jpg,4.879699248120301,Landscape,mid_score,train
648615,648615.jpg,5.396396396396397,Nature,mid_score,train
13565,13565.jpg,6.442857142857143,Architecture,mid_score,train
544234,544234.jpg,6.438848920863309,Nature,mid_score,train
42753,42753.jpg,4.529411764705882,Architecture,mid_score,train
402167,402167.jpg,4.436923076923077,Landscape,mid_score,train
53959,53959.jpg,6.410788381742739,Sky,mid_score,train
196382,196382.jpg,6.036437246963563,Landscape,mid_score,train
103503,103503.jpg,4.5234375,Nature,mid_score,train
377360,377360.jpg,6.5265486725663715,Landscape,mid_score,train
640673,640673.jpg,6.738255033557047,Landscape,mid_score,train
162998,162998.jpg,5.290983606557377,Nature,mid_score,train
137067,137067.jpg,5.260233918128655,Sky,mid_score,train
27906,27906.jpg,4.290322580645161,Travel,mid_score,train
382810,382810.jpg,6.088669950738916,Performance,mid_score,train
444493,444493.jpg,5.651639344262295,Nature,mid_score,train
676180,676180.jpg,5.427312775330397,Sky,mid_score,train
573315,573315.jpg,6.1457286432160805,Nature,mid_score,train
147472,147472.jpg,4.863777089783282,Architecture,mid_score,train
196778,196778.jpg,4.0813953488372094,Architecture,mid_score,train
264173,264173.jpg,6.993333333333333,Landscape,mid_score,train
391392,391392.jpg,6.226086956521739,Architecture,mid_score,train
482728,482728.jpg,5.5132275132275135,Rural,mid_score,train
62592,62592.jpg,5.411111111111111,Nature,mid_score,train
119486,119486.jpg,5.324742268041237,Landscape,mid_score,train
633334,633334.jpg,4.708333333333333,Architecture,mid_score,train
394432,394432.jpg,5.828431372549019,Landscape,mid_score,train
663790,663790.jpg,4.745098039215686,Nature,mid_score,train
413839,413839.jpg,5.813765182186235,Nature,mid_score,train
569828,569828.jpg,5.595238095238095,Nature,mid_score,train
115348,115348.jpg,5.906403940886699,Landscape,mid_score,train
428672,428672.jpg,6.1210191082802545,Architecture,mid_score,train
52105,52105.jpg,5.269035532994923,Landscape,mid_score,train
526934,526934.jpg,5.627118644067797,Landscape,mid_score,train
306286,306286.jpg,4.636752136752137,Travel,mid_score,train
21500,21500.jpg,6.26605504587156,Landscape,mid_score,train
63678,63678.jpg,5.1879194630872485,Architecture,mid_score,train
504540,504540.jpg,5.217194570135747,Transportation,mid_score,train
251463,251463.jpg,5.8520408163265305,Architecture,mid_score,train
102611,102611.jpg,5.286259541984733,Nature,mid_score,train
497106,497106.jpg,6.190114068441065,Landscape,mid_score,train
233806,233806.jpg,4.982300884955753,Nature,mid_score,train
412779,412779.jpg,6.315789473684211,Performance,mid_score,train
537032,537032.jpg,4.827586206896552,Performance,mid_score,train
490806,490806.jpg,4.904191616766467,Nature,mid_score,train
451360,451360.jpg,5.287749287749287,Landscape,mid_score,train
438737,438737.jpg,5.023076923076923,Sky,mid_score,train
369845,369845.jpg,6.166666666666667,Nature,mid_score,train
419790,419790.jpg,6.298701298701299,Landscape,mid_score,train
166943,166943.jpg,5.031746031746032,Architecture,mid_score,train
395539,395539.jpg,5.140540540540541,Architecture,mid_score,train
136467,136467.jpg,4.865168539325842,Architecture,mid_score,train
245323,245323.jpg,4.638686131386861,Landscape,mid_score,train
26363,26363.jpg,5.223076923076923,Architecture,mid_score,train
209603,209603.jpg,5.218390804597701,Rural,mid_score,train
491840,491840.jpg,5.397790055248619,Landscape,mid_score,train
365482,365482.jpg,4.775,Architecture,mid_score,train
163410,163410.jpg,4.4944649446494465,Nature,mid_score,train
166131,166131.jpg,5.248366013071895,Architecture,mid_score,train
377520,377520.jpg,5.742857142857143,Sky,mid_score,train
100814,100814.jpg,5.3238095238095235,Landscape,mid_score,train
498816,498816.jpg,5.822393822393822,Landscape,mid_score,train
437316,437316.jpg,5.682730923694779,Nature,mid_score,train
581651,581651.jpg,6.627218934911243,Nature,mid_score,train
362128,362128.jpg,5.4951923076923075,Architecture,mid_score,train
44882,44882.jpg,6.014388489208633,Nature,mid_score,train
606701,606701.jpg,5.672566371681416,Travel,mid_score,train
633906,633906.jpg,6.8808510638297875,Landscape,mid_score,train
639440,639440.jpg,5.658031088082901,Architecture,mid_score,train
222065,222065.jpg,4.8997493734335835,Rural,mid_score,train
623184,623184.jpg,6.572033898305085,Landscape,mid_score,train
14875,14875.jpg,4.709677419354839,Nature,mid_score,train
281328,281328.jpg,4.9786476868327405,Landscape,mid_score,train
595564,595564.jpg,5.612244897959184,Landscape,mid_score,train
543308,543308.jpg,6.388888888888889,Landscape,mid_score,train
651074,651074.jpg,5.494318181818182,Nature,mid_score,train
456754,456754.jpg,5.513513513513513,Architecture,mid_score,train
454151,454151.jpg,6.478753541076487,Nature,mid_score,train
379685,379685.jpg,5.7027863777089784,Performance,mid_score,train
36483,36483.jpg,6.19205298013245,Nature,mid_score,train
480005,480005.jpg,5.115,Transportation,mid_score,train
240081,240081.jpg,5.555555555555555,Landscape,mid_score,train
501842,501842.jpg,5.670588235294118,Nature,mid_score,train
411718,411718.jpg,5.660194174757281,Nature,mid_score,train
620920,620920.jpg,5.252136752136752,Landscape,mid_score,train
645366,645366.jpg,6.845744680851064,Landscape,mid_score,train
10966,10966.jpg,6.909090909090909,Landscape,mid_score,train
188261,188261.jpg,5.064724919093851,Nature,mid_score,train
633680,633680.jpg,6.1239316239316235,Architecture,mid_score,train
627994,627994.jpg,5.612334801762114,Landscape,mid_score,train
496371,496371.jpg,6.027027027027027,Landscape,mid_score,train
633939,633939.jpg,6.197080291970803,Nature,mid_score,train
669637,669637.jpg,5.2784810126582276,Nature,mid_score,train
436800,436800.jpg,5.626315789473685,Landscape,mid_score,train
196104,196104.jpg,4.825,Rural,mid_score,train
18970,18970.jpg,5.9416058394160585,Nature,mid_score,train
417081,417081.jpg,6.6735751295336785,Sky,mid_score,train
282347,282347.jpg,5.6521739130434785,Landscape,mid_score,train
445845,445845.jpg,5.105,Nature,mid_score,train
498324,498324.jpg,5.665354330708661,Landscape,mid_score,train
497834,497834.jpg,6.762626262626263,Nature,mid_score,train
447678,447678.jpg,5.538904899135447,Landscape,mid_score,train
501617,501617.jpg,5.440993788819876,Nature,mid_score,train
639978,639978.jpg,6.0353535353535355,Architecture,mid_score,train
31860,31860.jpg,5.70353982300885,Rural,mid_score,train
30369,30369.jpg,4.278846153846154,Rural,mid_score,train
25591,25591.jpg,5.321266968325792,Landscape,mid_score,train
571816,571816.jpg,4.815,Landscape,mid_score,train
56100,56100.jpg,5.633744855967078,Landscape,mid_score,train
64820,64820.jpg,5.8901098901098905,Architecture,mid_score,train
200560,200560.jpg,5.1573426573426575,Nature,mid_score,train
632648,632648.jpg,5.838383838383838,Landscape,mid_score,train
263248,263248.jpg,5.5241635687732344,Architecture,mid_score,train
633362,633362.jpg,5.1195219123505975,Architecture,mid_score,train
464317,464317.jpg,5.376623376623376,Architecture,mid_score,train
564421,564421.jpg,6.588235294117647,Landscape,mid_score,train
274393,274393.jpg,6.523690773067331,Landscape,mid_score,train
281854,281854.jpg,5.758542141230068,Nature,mid_score,train
596565,596565.jpg,4.590062111801243,Nature,mid_score,train
166055,166055.jpg,4.640845070422535,Rural,mid_score,train
168291,168291.jpg,5.609958506224066,Transportation,mid_score,train
244396,244396.jpg,6.1157407407407405,Landscape,mid_score,train
593795,593795.jpg,5.672566371681416,Nature,mid_score,train
656231,656231.jpg,6.078787878787879,Nature,mid_score,train
276207,276207.jpg,6.31350114416476,Landscape,mid_score,train
311568,311568.jpg,4.755208333333333,Nature,mid_score,train
50567,50567.jpg,6.093959731543624,Nature,mid_score,train
110554,110554.jpg,4.800766283524904,Architecture,mid_score,train
276319,276319.jpg,6.050264550264551,Landscape,mid_score,train
121030,121030.jpg,5.462555066079295,Rural,mid_score,train
692906,692906.jpg,4.867647058823529,Transportation,mid_score,train
298558,298558.jpg,5.647260273972603,Nature,mid_score,train
239740,239740.jpg,4.530172413793103,Sky,mid_score,train
455060,455060.jpg,4.697986577181208,Landscape,mid_score,train
673741,673741.jpg,5.957446808510638,Architecture,mid_score,train
253709,253709.jpg,4.643636363636364,Nature,mid_score,train
607149,607149.jpg,6.223140495867769,Landscape,mid_score,train
601183,601183.jpg,5.128205128205129,Rural,mid_score,train
244962,244962.jpg,5.137809187279152,Architecture,mid_score,train
449993,449993.jpg,5.139941690962099,Architecture,mid_score,train
196990,196990.jpg,5.75531914893617,Transportation,mid_score,train
4121,4121.jpg,5.260223048327138,Architecture,mid_score,train
631700,631700.jpg,5.136125654450262,Landscape,mid_score,train
59061,59061.jpg,6.486187845303867,Nature,mid_score,train
46078,46078.jpg,6.492857142857143,Architecture,mid_score,train
59994,59994.jpg,5.8,Landscape,mid_score,train
143762,143762.jpg,5.5984251968503935,Nature,mid_score,train
165056,165056.jpg,5.037162162162162,Architecture,mid_score,train
600597,600597.jpg,4.8,Landscape,mid_score,train
275078,275078.jpg,4.66270783847981,Sky,mid_score,train
203,203.jpg,5.214765100671141,Architecture,mid_score,train
317617,317617.jpg,4.69172932330827,Nature,mid_score,train
504399,504399.jpg,5.695906432748538,Nature,mid_score,train
38868,38868.jpg,6.213836477987422,Nature,mid_score,train
180286,180286.jpg,5.349282296650718,Performance,mid_score,train
276787,276787.jpg,6.215277777777778,Landscape,mid_score,train
16159,16159.jpg,5.684210526315789,Nature,mid_score,train
226602,226602.jpg,4.54468085106383,Nature,mid_score,train
623066,623066.jpg,5.96137339055794,Travel,mid_score,train
664337,664337.jpg,5.532338308457711,Nature,mid_score,train
412943,412943.jpg,5.6846473029045645,Nature,mid_score,train
263129,263129.jpg,5.282442748091603,Architecture,mid_score,train
604374,604374.jpg,5.889908256880734,Landscape,mid_score,train
460166,460166.jpg,5.531428571428571,Nature,mid_score,train
429147,429147.jpg,5.990521327014218,Landscape,mid_score,train
284421,284421.jpg,6.3014925373134325,Nature,mid_score,train
19783,19783.jpg,4.772093023255814,Landscape,mid_score,train
604472,604472.jpg,4.962962962962963,Landscape,mid_score,train
627439,627439.jpg,6.1502890173410405,Landscape,mid_score,train
237119,237119.jpg,4.930555555555555,Architecture,mid_score,train
233350,233350.jpg,6.074866310160428,Landscape,mid_score,train
236666,236666.jpg,6.763546798029557,Landscape,mid_score,train
449824,449824.jpg,5.711038961038961,Nature,mid_score,train
67035,67035.jpg,5.6378378378378375,Nature,mid_score,train
182252,182252.jpg,5.55327868852459,Nature,mid_score,train
119569,119569.jpg,4.728205128205128,Sky,mid_score,train
360089,360089.jpg,5.5799256505576205,Nature,mid_score,train
603619,603619.jpg,6.680851063829787,Architecture,mid_score,train
60636,60636.jpg,5.81294964028777,Architecture,mid_score,train
11904,11904.jpg,4.13,Architecture,mid_score,train
247484,247484.jpg,4.895604395604396,Rural,mid_score,train
231488,231488.jpg,5.628865979381444,Sky,mid_score,train
439304,439304.jpg,6.7897727272727275,Landscape,mid_score,train
160596,160596.jpg,5.62,Rural,mid_score,train
519679,519679.jpg,6.282051282051282,Nature,mid_score,train
648564,648564.jpg,6.027906976744186,Sky,mid_score,train
481945,481945.jpg,6.007751937984496,Nature,mid_score,train
32054,32054.jpg,6.043478260869565,Architecture,mid_score,train
498604,498604.jpg,5.531746031746032,Landscape,mid_score,train
41260,41260.jpg,5.777777777777778,Architecture,mid_score,train
245504,245504.jpg,5.541666666666667,Architecture,mid_score,train
473870,473870.jpg,6.171945701357466,Nature,mid_score,train
457689,457689.jpg,4.668161434977579,Architecture,mid_score,train
457766,457766.jpg,5.158371040723982,Nature,mid_score,train
458303,458303.jpg,6.555555555555555,Landscape,mid_score,train
463824,463824.jpg,4.696629213483146,Nature,mid_score,train
29039,29039.jpg,5.052884615384615,Nature,mid_score,train
296038,296038.jpg,4.46643109540636,Architecture,mid_score,train
197518,197518.jpg,5.127737226277373,Architecture,mid_score,train
253622,253622.jpg,5.584848484848485,Landscape,mid_score,train
577619,577619.jpg,6.107692307692307,Landscape,mid_score,train
479565,479565.jpg,4.575,Sky,mid_score,train
37011,37011.jpg,5.036269430051814,Landscape,mid_score,train
665028,665028.jpg,6.742718446601942,Nature,mid_score,train
647497,647497.jpg,6.124401913875598,Landscape,mid_score,train
681719,681719.jpg,5.744565217391305,Sky,mid_score,train
488039,488039.jpg,5.6608187134502925,Architecture,mid_score,train
50812,50812.jpg,5.093959731543624,Travel,mid_score,train
596402,596402.jpg,5.338383838383838,Nature,mid_score,train
377101,377101.jpg,5.425233644859813,Nature,mid_score,train
412240,412240.jpg,5.459715639810427,Sky,mid_score,train
160564,160564.jpg,4.858585858585859,Landscape,mid_score,train
280926,280926.jpg,5.910112359550562,Landscape,mid_score,train
505134,505134.jpg,5.622641509433962,Performance,mid_score,train
674534,674534.jpg,5.431654676258993,Nature,mid_score,train
680412,680412.jpg,6.0225225225225225,Nature,mid_score,train
170824,170824.jpg,5.191304347826087,Nature,mid_score,train
3701,3701.jpg,6.034883720930233,Nature,mid_score,train
234311,234311.jpg,5.337662337662338,Nature,mid_score,train
563844,563844.jpg,6.624113475177305,Sky,mid_score,train
563800,563800.jpg,5.739130434782608,Nature,mid_score,train
315392,315392.jpg,4.017341040462428,Nature,mid_score,train
476503,476503.jpg,5.495652173913044,Nature,mid_score,train
10454,10454.jpg,5.306532663316583,Sky,mid_score,train
627324,627324.jpg,5.825,Nature,mid_score,train
117212,117212.jpg,4.878048780487805,Landscape,mid_score,train
623186,623186.jpg,6.638655462184874,Landscape,mid_score,train
684164,684164.jpg,6.4753086419753085,Transportation,mid_score,train
10282,10282.jpg,4.963350785340314,Nature,mid_score,train
617476,617476.jpg,5.132530120481928,Nature,mid_score,train
449973,449973.jpg,4.9006849315068495,Landscape,mid_score,train
257058,257058.jpg,4.705454545454545,Landscape,mid_score,train
6157,6157.jpg,5.832236842105263,Landscape,mid_score,train
263588,263588.jpg,5.064885496183206,Nature,mid_score,train
417890,417890.jpg,6.648648648648648,Nature,mid_score,train
18905,18905.jpg,6.654901960784314,Landscape,mid_score,train
243883,243883.jpg,5.439446366782007,Landscape,mid_score,train
235873,235873.jpg,5.2075471698113205,Nature,mid_score,train
490644,490644.jpg,4.790055248618785,Landscape,mid_score,train
275344,275344.jpg,5.525700934579439,Landscape,mid_score,train
651411,651411.jpg,6.608974358974359,Landscape,mid_score,train
139351,139351.jpg,5.769491525423729,Landscape,mid_score,train
242207,242207.jpg,4.156462585034014,Architecture,mid_score,train
23998,23998.jpg,6.862204724409449,Sky,mid_score,train
423936,423936.jpg,5.019047619047619,Landscape,mid_score,train
637838,637838.jpg,5.5931372549019605,Nature,mid_score,train
186856,186856.jpg,5.598639455782313,Architecture,mid_score,train
386804,386804.jpg,5.906882591093117,Landscape,mid_score,train
577309,577309.jpg,5.5874125874125875,Landscape,mid_score,train
379816,379816.jpg,5.676229508196721,Nature,mid_score,train
591326,591326.jpg,4.651162790697675,Nature,mid_score,train
197080,197080.jpg,6.705673758865248,Transportation,mid_score,train
66157,66157.jpg,5.4916201117318435,Landscape,mid_score,train
263856,263856.jpg,5.524647887323944,Landscape,mid_score,train
596514,596514.jpg,5.591304347826087,Landscape,mid_score,train
136624,136624.jpg,5.281524926686217,Nature,mid_score,train
545851,545851.jpg,6.364864864864865,Landscape,mid_score,train
165107,165107.jpg,6.582644628099174,Nature,mid_score,train
116165,116165.jpg,4.274247491638796,Sky,mid_score,train
555697,555697.jpg,6.00763358778626,Sky,mid_score,train
387720,387720.jpg,5.430232558139535,Architecture,mid_score,train
6206,6206.jpg,4.960132890365449,Architecture,mid_score,train
426572,426572.jpg,6.064,Nature,mid_score,train
229689,229689.jpg,6.722021660649819,Transportation,mid_score,train
664437,664437.jpg,4.713286713286713,Landscape,mid_score,train
593734,593734.jpg,5.867768595041323,Landscape,mid_score,train
119340,119340.jpg,6.137755102040816,Landscape,mid_score,train
120706,120706.jpg,6.217765042979942,Rural,mid_score,train
604065,604065.jpg,6.100961538461538,Transportation,mid_score,train
135508,135508.jpg,5.791044776119403,Landscape,mid_score,train
277497,277497.jpg,4.44131455399061,Architecture,mid_score,train
308738,308738.jpg,5.4236453201970445,Architecture,mid_score,train
470442,470442.jpg,6.836065573770492,Nature,mid_score,train
578146,578146.jpg,6.28476821192053,Landscape,mid_score,train
225931,225931.jpg,4.547297297297297,Nature,mid_score,train
414612,414612.jpg,5.752,Nature,mid_score,train
403548,403548.jpg,5.729064039408867,Travel,mid_score,train
582087,582087.jpg,5.530487804878049,Nature,mid_score,train
182840,182840.jpg,5.054621848739496,Nature,mid_score,train
392449,392449.jpg,5.286624203821656,Architecture,mid_score,train
12078,12078.jpg,5.780952380952381,Landscape,mid_score,train
626555,626555.jpg,5.881656804733728,Nature,mid_score,train
30945,30945.jpg,6.7478991596638656,Nature,mid_score,train
303840,303840.jpg,5.364261168384879,Architecture,mid_score,train
436839,436839.jpg,6.086734693877551,Nature,mid_score,train
288257,288257.jpg,5.444444444444445,Nature,mid_score,train
168341,168341.jpg,5.440944881889764,Nature,mid_score,train
639561,639561.jpg,5.951871657754011,Architecture,mid_score,train
405940,405940.jpg,5.223463687150838,Architecture,mid_score,train
375821,375821.jpg,4.925311203319502,Transportation,mid_score,train
468369,468369.jpg,4.205882352941177,Landscape,mid_score,train
540385,540385.jpg,4.428571428571429,Nature,mid_score,train
658358,658358.jpg,5.54054054054054,Rural,mid_score,train
115086,115086.jpg,4.732758620689655,Performance,mid_score,train
277183,277183.jpg,4.695945945945946,Nature,mid_score,train
317021,317021.jpg,5.678571428571429,Nature,mid_score,train
227220,227220.jpg,5.186619718309859,Nature,mid_score,train
436893,436893.jpg,6.1838235294117645,Sky,mid_score,train
417363,417363.jpg,6.842342342342342,Landscape,mid_score,train
571924,571924.jpg,5.702325581395349,Landscape,mid_score,train
104842,104842.jpg,4.448979591836735,Nature,mid_score,train
504617,504617.jpg,5.543956043956044,Architecture,mid_score,train
593975,593975.jpg,6.359375,Nature,mid_score,train
577534,577534.jpg,4.5625,Rural,mid_score,train
472561,472561.jpg,4.775757575757575,Nature,mid_score,train
218976,218976.jpg,4.537790697674419,Performance,mid_score,train
288783,288783.jpg,4.996996996996997,Nature,mid_score,train
36770,36770.jpg,5.595744680851064,Architecture,mid_score,train
277005,277005.jpg,5.899772209567198,Landscape,mid_score,train
416510,416510.jpg,5.49811320754717,Nature,mid_score,train
140587,140587.jpg,5.599078341013825,Nature,mid_score,train
666015,666015.jpg,5.866666666666666,Nature,mid_score,train
199497,199497.jpg,6.676691729323308,Nature,mid_score,train
277202,277202.jpg,5.309302325581395,Landscape,mid_score,train
540111,540111.jpg,6.112903225806452,Architecture,mid_score,train
491473,491473.jpg,5.181818181818182,Nature,mid_score,train
31232,31232.jpg,5.800829875518672,Nature,mid_score,train
394229,394229.jpg,5.615763546798029,Nature,mid_score,train
668650,668650.jpg,5.213414634146342,Nature,mid_score,train
475671,475671.jpg,4.70464135021097,Landscape,mid_score,train
308174,308174.jpg,6.185365853658537,Sky,mid_score,train
546168,546168.jpg,4.975,Nature,mid_score,train
312162,312162.jpg,5.347368421052631,Nature,mid_score,train
429392,429392.jpg,5.890350877192983,Sky,mid_score,train
50892,50892.jpg,6.9743589743589745,Nature,mid_score,train
433175,433175.jpg,6.226993865030675,Nature,mid_score,train
390548,390548.jpg,5.938144329896907,Nature,mid_score,train
492894,492894.jpg,4.920318725099602,Architecture,mid_score,train
560270,560270.jpg,4.98125,Landscape,mid_score,train
489320,489320.jpg,4.8580246913580245,Transportation,mid_score,train
188681,188681.jpg,5.697080291970803,Nature,mid_score,train
525104,525104.jpg,5.276729559748428,Rural,mid_score,train
422210,422210.jpg,6.191335740072202,Nature,mid_score,train
395212,395212.jpg,5.6909090909090905,Architecture,mid_score,train
235304,235304.jpg,6.226244343891403,Architecture,mid_score,train
105073,105073.jpg,4.538461538461538,Sky,mid_score,train
539094,539094.jpg,5.454545454545454,Nature,mid_score,train
590196,590196.jpg,5.530232558139535,Landscape,mid_score,train
20449,20449.jpg,5.664,Landscape,mid_score,train
632194,632194.jpg,5.665338645418327,Architecture,mid_score,train
230913,230913.jpg,4.9035714285714285,Architecture,mid_score,train
49343,49343.jpg,4.752173913043478,Architecture,mid_score,train
290483,290483.jpg,5.156424581005586,Nature,mid_score,train
552975,552975.jpg,6.326315789473684,Sky,mid_score,train
488477,488477.jpg,6.475,Nature,mid_score,train
600647,600647.jpg,4.858974358974359,Landscape,mid_score,train
417024,417024.jpg,5.154135338345864,Nature,mid_score,train
289194,289194.jpg,4.982905982905983,Architecture,mid_score,train
5577,5577.jpg,6.297794117647059,Landscape,mid_score,train
536110,536110.jpg,5.085106382978723,Nature,mid_score,train
459461,459461.jpg,5.394594594594595,Nature,mid_score,train
379297,379297.jpg,4.564766839378239,Landscape,mid_score,train
605978,605978.jpg,5.054054054054054,Landscape,mid_score,train
545269,545269.jpg,4.685185185185185,Travel,mid_score,train
272984,272984.jpg,4.990536277602524,Nature,mid_score,train
564149,564149.jpg,6.47945205479452,Landscape,mid_score,train
596741,596741.jpg,5.5911330049261085,Nature,mid_score,train
26327,26327.jpg,4.511013215859031,Landscape,mid_score,train
509815,509815.jpg,5.095238095238095,Performance,mid_score,train
63622,63622.jpg,4.823754789272031,Nature,mid_score,train
166136,166136.jpg,5.469453376205788,Rural,mid_score,train
10271,10271.jpg,5.878172588832487,Travel,mid_score,train
473517,473517.jpg,5.2259887005649714,Landscape,mid_score,train
680510,680510.jpg,4.811428571428571,Landscape,mid_score,train
143132,143132.jpg,4.625,Landscape,mid_score,train
516633,516633.jpg,5.04054054054054,Nature,mid_score,train
282992,282992.jpg,5.161764705882353,Landscape,mid_score,train
320148,320148.jpg,4.434944237918216,Nature,mid_score,train
161115,161115.jpg,5.180555555555555,Landscape,mid_score,train
179908,179908.jpg,4.561594202898551,Nature,mid_score,train
167256,167256.jpg,6.4425531914893615,Rural,mid_score,train
298291,298291.jpg,4.608391608391608,Architecture,mid_score,train
639957,639957.jpg,5.571428571428571,Architecture,mid_score,train
475291,475291.jpg,5.861111111111111,Nature,mid_score,train
434816,434816.jpg,4.696517412935323,Nature,mid_score,train
283626,283626.jpg,6.440217391304348,Sky,mid_score,train
477071,477071.jpg,6.4363636363636365,Architecture,mid_score,train
314478,314478.jpg,5.065934065934066,Sky,mid_score,train
417296,417296.jpg,5.507692307692308,Rural,mid_score,train
282523,282523.jpg,5.567796610169491,Sky,mid_score,train
136711,136711.jpg,5.251366120218579,Architecture,mid_score,train
166027,166027.jpg,6.51603498542274,Architecture,mid_score,train
581630,581630.jpg,4.55050505050505,Landscape,mid_score,train
284771,284771.jpg,5.042168674698795,Nature,mid_score,train
573341,573341.jpg,5.015544041450777,Performance,mid_score,train
158198,158198.jpg,4.940639269406392,Landscape,mid_score,train
177335,177335.jpg,5.157446808510638,Landscape,mid_score,train
165311,165311.jpg,4.124137931034483,Architecture,mid_score,train
292321,292321.jpg,4.865900383141763,Rural,mid_score,train
449038,449038.jpg,5.990338164251208,Architecture,mid_score,train
382782,382782.jpg,5.049382716049383,Landscape,mid_score,train
320983,320983.jpg,4.825641025641025,Architecture,mid_score,train
599946,599946.jpg,5.195804195804196,Nature,mid_score,train
447639,447639.jpg,6.958456973293768,Nature,mid_score,train
401825,401825.jpg,4.36144578313253,Performance,mid_score,train
248130,248130.jpg,4.657754010695188,Landscape,mid_score,train
534187,534187.jpg,4.978571428571429,Nature,mid_score,train
632008,632008.jpg,6.08457711442786,Landscape,mid_score,train
24191,24191.jpg,4.165254237288136,Landscape,mid_score,train
430769,430769.jpg,4.508196721311475,Architecture,mid_score,train
682096,682096.jpg,4.977528089887641,Transportation,mid_score,train
103682,103682.jpg,5.662650602409639,Nature,mid_score,train
258044,258044.jpg,5.931740614334471,Nature,mid_score,train
409522,409522.jpg,6.11520737327189,Landscape,mid_score,train
242984,242984.jpg,5.188976377952756,Transportation,mid_score,train
256170,256170.jpg,6.3,Sky,mid_score,train
237229,237229.jpg,4.955445544554456,Landscape,mid_score,train
577490,577490.jpg,5.870503597122302,Architecture,mid_score,train
176090,176090.jpg,4.975265017667844,Sky,mid_score,train
254851,254851.jpg,5.3919753086419755,Landscape,mid_score,train
245664,245664.jpg,5.8933333333333335,Nature,mid_score,train
564444,564444.jpg,5.427631578947368,Nature,mid_score,train
45822,45822.jpg,5.408396946564886,Landscape,mid_score,train
227836,227836.jpg,4.707482993197279,Nature,mid_score,train
534711,534711.jpg,4.906474820143885,Landscape,mid_score,train
685246,685246.jpg,6.55023923444976,Nature,mid_score,train
235108,235108.jpg,4.682242990654205,Nature,mid_score,train
639708,639708.jpg,6.909547738693467,Architecture,mid_score,train
561303,561303.jpg,6.863636363636363,Travel,mid_score,train
27919,27919.jpg,4.163934426229508,Architecture,mid_score,train
53731,53731.jpg,5.948717948717949,Sky,mid_score,train
170976,170976.jpg,5.510204081632653,Landscape,mid_score,train
481444,481444.jpg,5.468926553672317,Nature,mid_score,train
567249,567249.jpg,6.304932735426009,Landscape,mid_score,train
11133,11133.jpg,4.984615384615385,Landscape,mid_score,train
540888,540888.jpg,5.432748538011696,Architecture,mid_score,train
563328,563328.jpg,5.172932330827067,Sky,mid_score,train
10113,10113.jpg,4.699481865284974,Architecture,mid_score,train
276444,276444.jpg,4.993273542600897,Landscape,mid_score,train
510756,510756.jpg,6.797356828193832,Architecture,mid_score,train
551853,551853.jpg,5.4581005586592175,Landscape,mid_score,train
632920,632920.jpg,4.913043478260869,Nature,mid_score,train
59736,59736.jpg,5.48125,Travel,mid_score,train
377303,377303.jpg,6.393700787401575,Landscape,mid_score,train
184003,184003.jpg,4.214545454545455,Rural,mid_score,train
668361,668361.jpg,4.75,Landscape,mid_score,train
313772,313772.jpg,5.116959064327485,Nature,mid_score,train
116549,116549.jpg,5.325,Landscape,mid_score,train
247698,247698.jpg,5.506944444444445,Rural,mid_score,train
187220,187220.jpg,6.49438202247191,Nature,mid_score,train
692172,692172.jpg,6.028985507246377,Landscape,mid_score,train
292531,292531.jpg,5.292,Nature,mid_score,train
120705,120705.jpg,5.644654088050315,Landscape,mid_score,train
116504,116504.jpg,5.366666666666666,Nature,mid_score,train
285635,285635.jpg,5.619433198380567,Landscape,mid_score,train
11314,11314.jpg,5.668292682926829,Landscape,mid_score,train
633421,633421.jpg,5.250996015936255,Architecture,mid_score,train
21141,21141.jpg,5.923076923076923,Nature,mid_score,train
386663,386663.jpg,5.471337579617835,Nature,mid_score,train
648936,648936.jpg,5.8125,Landscape,mid_score,train
632314,632314.jpg,6.110526315789474,Landscape,mid_score,train
664451,664451.jpg,4.7254901960784315,Performance,mid_score,train
496561,496561.jpg,5.3428571428571425,Nature,mid_score,train
364986,364986.jpg,4.971153846153846,Architecture,mid_score,train
18602,18602.jpg,5.251028806584362,Nature,mid_score,train
227217,227217.jpg,5.654605263157895,Nature,mid_score,train
322185,322185.jpg,5.444444444444445,Sky,mid_score,train
270589,270589.jpg,4.095454545454546,Nature,mid_score,train
393782,393782.jpg,5.247474747474747,Nature,mid_score,train
216053,216053.jpg,4.660777385159011,Transportation,mid_score,train
234468,234468.jpg,6.050420168067227,Sky,mid_score,train
692447,692447.jpg,5.178571428571429,Travel,mid_score,train
234498,234498.jpg,4.244224422442244,Nature,mid_score,train
571423,571423.jpg,6.397163120567376,Landscape,mid_score,train
684215,684215.jpg,6.474683544303797,Nature,mid_score,train
137114,137114.jpg,5.415730337078652,Architecture,mid_score,train
402039,402039.jpg,5.956756756756757,Landscape,mid_score,train
640771,640771.jpg,6.171232876712328,Landscape,mid_score,train
278748,278748.jpg,6.282131661442007,Nature,mid_score,train
358976,358976.jpg,4.732142857142857,Sky,mid_score,train
292627,292627.jpg,5.355450236966824,Landscape,mid_score,train
614690,614690.jpg,4.782608695652174,Transportation,mid_score,train
10975,10975.jpg,6.241071428571429,Landscape,mid_score,train
549393,549393.jpg,4.982658959537572,Landscape,mid_score,train
428619,428619.jpg,6.412322274881516,Landscape,mid_score,train
255091,255091.jpg,5.4924924924924925,Landscape,mid_score,train
252423,252423.jpg,5.0727969348659006,Nature,mid_score,train
450230,450230.jpg,5.558333333333334,Nature,mid_score,train
430251,430251.jpg,4.044368600682594,Landscape,mid_score,train
579876,579876.jpg,4.696551724137931,Nature,mid_score,train
120776,120776.jpg,5.010169491525423,Landscape,mid_score,train
230893,230893.jpg,5.686346863468635,Landscape,mid_score,train
205748,205748.jpg,5.733333333333333,Nature,mid_score,train
146296,146296.jpg,6.0828402366863905,Travel,mid_score,train
396307,396307.jpg,5.6923076923076925,Architecture,mid_score,train
291272,291272.jpg,6.034090909090909,Architecture,mid_score,train
495591,495591.jpg,4.229166666666667,Sky,mid_score,train
236400,236400.jpg,6.019230769230769,Architecture,mid_score,train
532168,532168.jpg,4.8558558558558556,Nature,mid_score,train
418184,418184.jpg,5.909465020576132,Nature,mid_score,train
445237,445237.jpg,5.972527472527473,Rural,mid_score,train
448524,448524.jpg,6.192429022082019,Sky,mid_score,train
445238,445238.jpg,5.298245614035087,Nature,mid_score,train
421144,421144.jpg,5.040358744394619,Landscape,mid_score,train
361706,361706.jpg,6.14218009478673,Architecture,mid_score,train
608676,608676.jpg,6.41717791411043,Landscape,mid_score,train
202182,202182.jpg,4.395161290322581,Nature,mid_score,train
544150,544150.jpg,5.551351351351351,Nature,mid_score,train
656248,656248.jpg,4.975155279503106,Landscape,mid_score,train
190231,190231.jpg,6.782747603833866,Landscape,mid_score,train
294408,294408.jpg,5.57085020242915,Landscape,mid_score,train
10379,10379.jpg,6.142857142857143,Landscape,mid_score,train
548934,548934.jpg,5.3007518796992485,Sky,mid_score,train
647998,647998.jpg,5.942708333333333,Architecture,mid_score,train
628322,628322.jpg,5.765486725663717,Sky,mid_score,train
27490,27490.jpg,5.496644295302014,Architecture,mid_score,train
362366,362366.jpg,5.203980099502488,Sky,mid_score,train
192936,192936.jpg,5.647686832740214,Transportation,mid_score,train
136968,136968.jpg,6.116402116402116,Architecture,mid_score,train
467110,467110.jpg,6.429411764705883,Rural,mid_score,train
109906,109906.jpg,5.430656934306569,Nature,mid_score,train
476216,476216.jpg,4.769633507853404,Architecture,mid_score,train
49788,49788.jpg,4.9914529914529915,Architecture,mid_score,train
117129,117129.jpg,5.173202614379085,Nature,mid_score,train
242684,242684.jpg,4.543307086614173,Rural,mid_score,train
10374,10374.jpg,4.646464646464646,Architecture,mid_score,train
579689,579689.jpg,5.883561643835616,Architecture,mid_score,train
276429,276429.jpg,5.585714285714285,Architecture,mid_score,train
607040,607040.jpg,5.914529914529915,Landscape,mid_score,train
163451,163451.jpg,4.939716312056738,Sky,mid_score,train
569920,569920.jpg,5.3875598086124405,Rural,mid_score,train
481971,481971.jpg,5.121428571428571,Nature,mid_score,train
101853,101853.jpg,5.381987577639752,Rural,mid_score,train
253982,253982.jpg,5.818731117824774,Landscape,mid_score,train
247813,247813.jpg,4.756756756756757,Landscape,mid_score,train
291400,291400.jpg,5.714285714285714,Nature,mid_score,train
287776,287776.jpg,4.779005524861878,Nature,mid_score,train
634758,634758.jpg,5.754385964912281,Nature,mid_score,train
42692,42692.jpg,5.964912280701754,Nature,mid_score,train
639668,639668.jpg,5.481481481481482,Architecture,mid_score,train
18793,18793.jpg,5.322175732217573,Nature,mid_score,train
632455,632455.jpg,4.841836734693878,Landscape,mid_score,train
306812,306812.jpg,4.525862068965517,Performance,mid_score,train
573672,573672.jpg,5.243654822335025,Nature,mid_score,train
691730,691730.jpg,5.578616352201258,Travel,mid_score,train
268198,268198.jpg,5.923497267759563,Transportation,mid_score,train
445725,445725.jpg,4.445833333333334,Nature,mid_score,train
260415,260415.jpg,5.523809523809524,Architecture,mid_score,train
487058,487058.jpg,4.5182926829268295,Rural,mid_score,train
168131,168131.jpg,4.359832635983263,Nature,mid_score,train
638914,638914.jpg,4.975247524752476,Sky,mid_score,train
450708,450708.jpg,5.867977528089888,Sky,mid_score,train
235281,235281.jpg,4.336363636363636,Nature,mid_score,train
436171,436171.jpg,5.55511811023622,Architecture,mid_score,train
432163,432163.jpg,6.25,Architecture,mid_score,train
102442,102442.jpg,6.19921875,Nature,mid_score,train
416262,416262.jpg,5.874045801526718,Nature,mid_score,train
52662,52662.jpg,6.2559241706161135,Sky,mid_score,train
444141,444141.jpg,6.227091633466135,Rural,mid_score,train
287926,287926.jpg,6.437810945273632,Travel,mid_score,train
568315,568315.jpg,6.802816901408451,Landscape,mid_score,train
244925,244925.jpg,4.574660633484163,Landscape,mid_score,train
579595,579595.jpg,5.203821656050955,Nature,mid_score,train
504896,504896.jpg,6.296296296296297,Transportation,mid_score,train
165705,165705.jpg,4.856209150326797,Architecture,mid_score,train
244853,244853.jpg,5.056603773584905,Transportation,mid_score,train
26394,26394.jpg,5.465116279069767,Nature,mid_score,train
473710,473710.jpg,4.674285714285714,Sky,mid_score,train
358567,358567.jpg,4.915178571428571,Sky,mid_score,train
159756,159756.jpg,5.069651741293533,Rural,mid_score,train
36208,36208.jpg,4.741071428571429,Nature,mid_score,train
586531,586531.jpg,5.456140350877193,Landscape,mid_score,train
195591,195591.jpg,5.259740259740259,Landscape,mid_score,train
633942,633942.jpg,5.287449392712551,Architecture,mid_score,train
653116,653116.jpg,5.100671140939597,Rural,mid_score,train
667152,667152.jpg,4.786802030456853,Nature,mid_score,train
141834,141834.jpg,5.965986394557823,Landscape,mid_score,train
36680,36680.jpg,6.466019417475728,Travel,mid_score,train
20936,20936.jpg,6.519337016574585,Nature,mid_score,train
66539,66539.jpg,4.707182320441989,Rural,mid_score,train
476902,476902.jpg,5.619631901840491,Architecture,mid_score,train
578575,578575.jpg,6.638743455497382,Nature,mid_score,train
647927,647927.jpg,5.397196261682243,Architecture,mid_score,train
307432,307432.jpg,4.473684210526316,Nature,mid_score,train
622745,622745.jpg,6.554112554112554,Landscape,mid_score,train
544865,544865.jpg,5.61864406779661,Architecture,mid_score,train
171043,171043.jpg,4.905325443786983,Sky,mid_score,train
446694,446694.jpg,4.779411764705882,Landscape,mid_score,train
635735,635735.jpg,5.416666666666667,Transportation,mid_score,train
648948,648948.jpg,5.677570093457944,Architecture,mid_score,train
387522,387522.jpg,6.169960474308301,Landscape,mid_score,train
188255,188255.jpg,5.351351351351352,Nature,mid_score,train
243946,243946.jpg,5.702508960573477,Landscape,mid_score,train
314041,314041.jpg,4.973684210526316,Sky,mid_score,train
52563,52563.jpg,6.951456310679611,Nature,mid_score,train
504900,504900.jpg,5.898809523809524,Landscape,mid_score,train
101915,101915.jpg,4.241379310344827,Nature,mid_score,train
566877,566877.jpg,5.47972972972973,Architecture,mid_score,train
670819,670819.jpg,5.323170731707317,Nature,mid_score,train
582619,582619.jpg,4.592592592592593,Nature,mid_score,train
293630,293630.jpg,5.7894736842105265,Travel,mid_score,train
658622,658622.jpg,5.290697674418604,Landscape,mid_score,train
658304,658304.jpg,4.771689497716895,Rural,mid_score,train
544053,544053.jpg,5.576923076923077,Nature,mid_score,train
261361,261361.jpg,4.815789473684211,Architecture,mid_score,train
663952,663952.jpg,5.154320987654321,Sky,mid_score,train
116194,116194.jpg,5.991228070175438,Nature,mid_score,train
375655,375655.jpg,5.832460732984293,Performance,mid_score,train
500992,500992.jpg,5.39622641509434,Nature,mid_score,train
137665,137665.jpg,6.712209302325581,Landscape,mid_score,train
681094,681094.jpg,5.243421052631579,Architecture,mid_score,train
513430,513430.jpg,5.104761904761904,Nature,mid_score,train
119396,119396.jpg,4.964285714285714,Landscape,mid_score,train
385258,385258.jpg,4.364372469635628,Nature,mid_score,train
200331,200331.jpg,5.353135313531353,Sky,mid_score,train
38106,38106.jpg,4.292792792792793,Sky,mid_score,train
400974,400974.jpg,5.524096385542169,Nature,mid_score,train
277966,277966.jpg,4.751740139211137,Landscape,mid_score,train
51761,51761.jpg,4.434782608695652,Nature,mid_score,train
608306,608306.jpg,5.277511961722488,Nature,mid_score,train
16280,16280.jpg,4.841836734693878,Landscape,mid_score,train
638957,638957.jpg,5.121212121212121,Nature,mid_score,train
17631,17631.jpg,4.139737991266376,Nature,mid_score,train
526513,526513.jpg,6.523809523809524,Architecture,mid_score,train
232968,232968.jpg,5.635897435897436,Landscape,mid_score,train
445663,445663.jpg,5.4563492063492065,Nature,mid_score,train
210832,210832.jpg,5.587155963302752,Architecture,mid_score,train
186789,186789.jpg,5.198630136986301,Architecture,mid_score,train
445501,445501.jpg,5.76036866359447,Sky,mid_score,train
544646,544646.jpg,5.936507936507937,Nature,mid_score,train
21133,21133.jpg,5.4186046511627906,Nature,mid_score,train
542850,542850.jpg,4.430851063829787,Nature,mid_score,train
575505,575505.jpg,4.877005347593583,Architecture,mid_score,train
572007,572007.jpg,6.042857142857143,Landscape,mid_score,train
297562,297562.jpg,5.352313167259786,Nature,mid_score,train
159767,159767.jpg,5.397887323943662,Landscape,mid_score,train
19299,19299.jpg,5.039823008849558,Sky,mid_score,train
571946,571946.jpg,5.819047619047619,Landscape,mid_score,train
595602,595602.jpg,6.133333333333334,Nature,mid_score,train
260249,260249.jpg,5.1650165016501655,Nature,mid_score,train
532997,532997.jpg,5.078571428571428,Architecture,mid_score,train
474287,474287.jpg,4.25,Rural,mid_score,train
63634,63634.jpg,5.87248322147651,Architecture,mid_score,train
580461,580461.jpg,5.397849462365591,Nature,mid_score,train
475177,475177.jpg,4.67948717948718,Nature,mid_score,train
306762,306762.jpg,4.417624521072797,Landscape,mid_score,train
11278,11278.jpg,5.959798994974874,Travel,mid_score,train
597166,597166.jpg,6.045454545454546,Landscape,mid_score,train
253776,253776.jpg,5.011904761904762,Landscape,mid_score,train
180976,180976.jpg,6.040178571428571,Landscape,mid_score,train
42963,42963.jpg,5.76510067114094,Sky,mid_score,train
638803,638803.jpg,4.874371859296482,Nature,mid_score,train
633225,633225.jpg,4.83402489626556,Landscape,mid_score,train
566838,566838.jpg,5.966666666666667,Nature,mid_score,train
42145,42145.jpg,6.122881355932203,Nature,mid_score,train
443468,443468.jpg,4.9004149377593365,Landscape,mid_score,train
254936,254936.jpg,5.420289855072464,Rural,mid_score,train
224944,224944.jpg,4.481481481481482,Architecture,mid_score,train
550129,550129.jpg,6.256410256410256,Sky,mid_score,train
146607,146607.jpg,5.66060606060606,Rural,mid_score,train
171081,171081.jpg,5.48314606741573,Nature,mid_score,train
113373,113373.jpg,4.869955156950673,Landscape,mid_score,train
226689,226689.jpg,4.829787234042553,Nature,mid_score,train
293585,293585.jpg,6.147619047619048,Nature,mid_score,train
632553,632553.jpg,5.537549407114624,Architecture,mid_score,train
539787,539787.jpg,6.042553191489362,Landscape,mid_score,train
382099,382099.jpg,4.593220338983051,Nature,mid_score,train
405796,405796.jpg,5.637931034482759,Nature,mid_score,train
40510,40510.jpg,5.441666666666666,Landscape,mid_score,train
683882,683882.jpg,5.84375,Sky,mid_score,train
13650,13650.jpg,6.42654028436019,Architecture,mid_score,train
101479,101479.jpg,5.453703703703703,Landscape,mid_score,train
406605,406605.jpg,4.074712643678161,Nature,mid_score,train
645546,645546.jpg,5.796875,Architecture,mid_score,train
137116,137116.jpg,5.9602272727272725,Architecture,mid_score,train
387020,387020.jpg,6.322344322344322,Nature,mid_score,train
21235,21235.jpg,6.095744680851064,Landscape,mid_score,train
39009,39009.jpg,4.662162162162162,Nature,mid_score,train
262153,262153.jpg,6.141552511415525,Travel,mid_score,train
664022,664022.jpg,6.116438356164384,Nature,mid_score,train
618286,618286.jpg,5.555555555555555,Landscape,mid_score,train
62954,62954.jpg,4.2687747035573125,Landscape,mid_score,train
303141,303141.jpg,5.814432989690721,Nature,mid_score,train
680546,680546.jpg,4.943661971830986,Nature,mid_score,train
680147,680147.jpg,6.235294117647059,Nature,mid_score,train
448838,448838.jpg,6.529577464788733,Nature,mid_score,train
684315,684315.jpg,5.149068322981367,Nature,mid_score,train
521286,521286.jpg,5.46875,Landscape,mid_score,train
608800,608800.jpg,5.7729468599033815,Nature,mid_score,train
187539,187539.jpg,5.022435897435898,Architecture,mid_score,train
581026,581026.jpg,6.272277227722772,Landscape,mid_score,train
607311,607311.jpg,5.470588235294118,Nature,mid_score,train
208097,208097.jpg,5.163157894736842,Nature,mid_score,train
199069,199069.jpg,6.383399209486166,Nature,mid_score,train
590768,590768.jpg,6.165775401069519,Nature,mid_score,train
16057,16057.jpg,5.41871921182266,Architecture,mid_score,train
375814,375814.jpg,4.116402116402116,Nature,mid_score,train
377321,377321.jpg,5.210970464135021,Transportation,mid_score,train
63887,63887.jpg,5.105072463768116,Travel,mid_score,train
239381,239381.jpg,5.459016393442623,Nature,mid_score,train
399430,399430.jpg,6.479411764705882,Nature,mid_score,train
504062,504062.jpg,5.069767441860465,Nature,mid_score,train
647964,647964.jpg,5.3493150684931505,Architecture,mid_score,train
212498,212498.jpg,5.361774744027303,Architecture,mid_score,train
29335,29335.jpg,5.928571428571429,Nature,mid_score,train
470386,470386.jpg,5.349112426035503,Nature,mid_score,train
635269,635269.jpg,5.965811965811966,Architecture,mid_score,train
528914,528914.jpg,5.563218390804598,Sky,mid_score,train
143038,143038.jpg,4.74,Nature,mid_score,train
59308,59308.jpg,5.251336898395722,Nature,mid_score,train
460248,460248.jpg,6.878048780487805,Landscape,mid_score,train
262971,262971.jpg,5.168582375478927,Architecture,mid_score,train
46199,46199.jpg,4.393103448275862,Landscape,mid_score,train
555647,555647.jpg,6.08,Nature,mid_score,train
558029,558029.jpg,4.161676646706587,Landscape,mid_score,train
558236,558236.jpg,5.524193548387097,Nature,mid_score,train
287597,287597.jpg,5.209183673469388,Architecture,mid_score,train
592738,592738.jpg,6.578125,Nature,mid_score,train
564565,564565.jpg,5.973509933774834,Nature,mid_score,train
211792,211792.jpg,6.8111587982832615,Nature,mid_score,train
55460,55460.jpg,5.884297520661157,Architecture,mid_score,train
308056,308056.jpg,5.597087378640777,Landscape,mid_score,train
245937,245937.jpg,4.404929577464789,Sky,mid_score,train
512557,512557.jpg,6.084821428571429,Architecture,mid_score,train
485256,485256.jpg,5.945273631840796,Performance,mid_score,train
104129,104129.jpg,5.274193548387097,Nature,mid_score,train
262844,262844.jpg,5.561338289962825,Transportation,mid_score,train
691559,691559.jpg,6.268041237113402,Architecture,mid_score,train
205344,205344.jpg,4.318777292576419,Nature,mid_score,train
580211,580211.jpg,4.741293532338308,Nature,mid_score,train
18799,18799.jpg,4.407563025210084,Nature,mid_score,train
534845,534845.jpg,5.938775510204081,Nature,mid_score,train
395349,395349.jpg,5.980769230769231,Sky,mid_score,train
282293,282293.jpg,4.617424242424242,Transportation,mid_score,train
588363,588363.jpg,4.362573099415204,Sky,mid_score,train
509604,509604.jpg,6.451612903225806,Sky,mid_score,train
244952,244952.jpg,4.577617328519856,Landscape,mid_score,train
489863,489863.jpg,5.06145251396648,Landscape,mid_score,train
178324,178324.jpg,4.91703056768559,Nature,mid_score,train
203413,203413.jpg,4.88,Nature,mid_score,train
315855,315855.jpg,6.664335664335664,Landscape,mid_score,train
603748,603748.jpg,5.168224299065421,Landscape,mid_score,train
136775,136775.jpg,5.908831908831909,Sky,mid_score,train
24759,24759.jpg,5.967213114754099,Rural,mid_score,train
431803,431803.jpg,6.016304347826087,Architecture,mid_score,train
565871,565871.jpg,5.881118881118881,Landscape,mid_score,train
544818,544818.jpg,5.074803149606299,Nature,mid_score,train
241749,241749.jpg,5.627450980392157,Travel,mid_score,train
364410,364410.jpg,5.627009646302251,Rural,mid_score,train
10255,10255.jpg,4.6310160427807485,Travel,mid_score,train
30973,30973.jpg,5.017316017316017,Nature,mid_score,train
658799,658799.jpg,6.5978260869565215,Landscape,mid_score,train
423444,423444.jpg,5.732673267326732,Landscape,mid_score,train
60672,60672.jpg,4.801470588235294,Landscape,mid_score,train
273254,273254.jpg,5.869281045751634,Architecture,mid_score,train
579646,579646.jpg,5.762589928057554,Landscape,mid_score,train
254540,254540.jpg,6.436893203883495,Nature,mid_score,train
369552,369552.jpg,5.266129032258065,Transportation,mid_score,train
117078,117078.jpg,5.59468438538206,Nature,mid_score,train
119103,119103.jpg,5.344051446945338,Nature,mid_score,train
542607,542607.jpg,6.204188481675392,Rural,mid_score,train
499342,499342.jpg,5.46360153256705,Landscape,mid_score,train
287871,287871.jpg,6.343589743589743,Sky,mid_score,train
692248,692248.jpg,6.019736842105263,Landscape,mid_score,train
400996,400996.jpg,4.824468085106383,Landscape,mid_score,train
262174,262174.jpg,4.644927536231884,Nature,mid_score,train
570531,570531.jpg,5.449704142011834,Landscape,mid_score,train
196364,196364.jpg,6.524793388429752,Landscape,mid_score,train
244401,244401.jpg,5.571428571428571,Nature,mid_score,train
272996,272996.jpg,6.888888888888889,Architecture,mid_score,train
230995,230995.jpg,4.129770992366412,Nature,mid_score,train
394490,394490.jpg,6.415,Landscape,mid_score,train
267494,267494.jpg,4.191256830601093,Landscape,mid_score,train
446047,446047.jpg,6.267716535433071,Landscape,mid_score,train
648597,648597.jpg,4.668246445497631,Architecture,mid_score,train
368243,368243.jpg,6.025906735751295,Nature,mid_score,train
527008,527008.jpg,5.175182481751825,Nature,mid_score,train
255575,255575.jpg,5.874233128834356,Landscape,mid_score,train
180917,180917.jpg,4.569230769230769,Sky,mid_score,train
415067,415067.jpg,6.523255813953488,Nature,mid_score,train
195401,195401.jpg,5.566115702479339,Landscape,mid_score,train
428503,428503.jpg,5.503311258278146,Nature,mid_score,train
11298,11298.jpg,5.381642512077295,Rural,mid_score,train
504805,504805.jpg,6.112676056338028,Nature,mid_score,train
591602,591602.jpg,6.290322580645161,Landscape,mid_score,train
36572,36572.jpg,6.98639455782313,Nature,mid_score,train
476560,476560.jpg,5.147321428571429,Landscape,mid_score,train
245111,245111.jpg,4.576190476190476,Sky,mid_score,train
373022,373022.jpg,5.157407407407407,Landscape,mid_score,train
284146,284146.jpg,5.2460732984293195,Landscape,mid_score,train
586498,586498.jpg,5.154696132596685,Architecture,mid_score,train
491082,491082.jpg,5.184523809523809,Sky,mid_score,train
571906,571906.jpg,5.623255813953488,Rural,mid_score,train
429015,429015.jpg,4.521327014218009,Rural,mid_score,train
570316,570316.jpg,4.840236686390533,Nature,mid_score,train
317714,317714.jpg,4.814814814814815,Nature,mid_score,train
169235,169235.jpg,5.649171270718232,Performance,mid_score,train
305852,305852.jpg,5.877551020408164,Nature,mid_score,train
165054,165054.jpg,5.482993197278912,Architecture,mid_score,train
236108,236108.jpg,5.266009852216749,Landscape,mid_score,train
232785,232785.jpg,6.161764705882353,Architecture,mid_score,train
101797,101797.jpg,5.478672985781991,Architecture,mid_score,train
602900,602900.jpg,5.155555555555556,Architecture,mid_score,train
556541,556541.jpg,5.0,Sky,mid_score,train
420930,420930.jpg,5.015873015873016,Landscape,mid_score,train
190291,190291.jpg,6.196825396825397,Nature,mid_score,train
421713,421713.jpg,5.984536082474227,Transportation,mid_score,train
621050,621050.jpg,4.48051948051948,Landscape,mid_score,train
581279,581279.jpg,5.777070063694268,Transportation,mid_score,train
444557,444557.jpg,6.008,Architecture,mid_score,train
20573,20573.jpg,4.337719298245614,Architecture,mid_score,train
676299,676299.jpg,4.677631578947368,Nature,mid_score,train
200732,200732.jpg,4.923333333333333,Landscape,mid_score,train
377569,377569.jpg,4.266009852216749,Transportation,mid_score,train
261921,261921.jpg,5.482490272373541,Architecture,mid_score,train
475053,475053.jpg,6.919831223628692,Sky,mid_score,train
365625,365625.jpg,5.02020202020202,Landscape,mid_score,train
62811,62811.jpg,5.511111111111111,Architecture,mid_score,train
30339,30339.jpg,5.147058823529412,Nature,mid_score,train
376606,376606.jpg,5.995535714285714,Landscape,mid_score,train
374590,374590.jpg,4.91588785046729,Nature,mid_score,train
278286,278286.jpg,5.122065727699531,Landscape,mid_score,train
114160,114160.jpg,4.810218978102189,Architecture,mid_score,train
417656,417656.jpg,5.835897435897436,Nature,mid_score,train
163653,163653.jpg,4.355311355311355,Landscape,mid_score,train
142524,142524.jpg,6.214285714285714,Nature,mid_score,train
388169,388169.jpg,5.546666666666667,Landscape,mid_score,train
451118,451118.jpg,4.271676300578035,Landscape,mid_score,train
497999,497999.jpg,4.386503067484663,Performance,mid_score,train
117286,117286.jpg,5.609756097560975,Nature,mid_score,train
638827,638827.jpg,5.751219512195122,Nature,mid_score,train
506177,506177.jpg,6.532051282051282,Nature,mid_score,train
516492,516492.jpg,5.930348258706467,Landscape,mid_score,train
233110,233110.jpg,6.039408866995074,Travel,mid_score,train
112941,112941.jpg,5.757709251101321,Travel,mid_score,train
489727,489727.jpg,5.260273972602739,Transportation,mid_score,train
658317,658317.jpg,5.045197740112994,Landscape,mid_score,train
18472,18472.jpg,6.751054852320675,Nature,mid_score,train
637042,637042.jpg,5.6,Nature,mid_score,train
316826,316826.jpg,5.295238095238095,Transportation,mid_score,train
548020,548020.jpg,6.059210526315789,Landscape,mid_score,train
484972,484972.jpg,5.326315789473684,Architecture,mid_score,train
564593,564593.jpg,5.8618421052631575,Landscape,mid_score,train
289095,289095.jpg,4.934065934065934,Landscape,mid_score,train
102769,102769.jpg,6.080568720379147,Landscape,mid_score,train
684910,684910.jpg,5.730769230769231,Nature,mid_score,train
405793,405793.jpg,5.089385474860335,Landscape,mid_score,train
119285,119285.jpg,6.553846153846154,Nature,mid_score,train
476407,476407.jpg,5.526881720430108,Nature,mid_score,train
417060,417060.jpg,4.508196721311475,Transportation,mid_score,train
420061,420061.jpg,4.407582938388626,Architecture,mid_score,train
184774,184774.jpg,5.251101321585903,Landscape,mid_score,train
570240,570240.jpg,6.105263157894737,Landscape,mid_score,train
255154,255154.jpg,5.375375375375375,Landscape,mid_score,train
623839,623839.jpg,6.430434782608696,Nature,mid_score,train
389713,389713.jpg,5.225130890052356,Nature,mid_score,train
591461,591461.jpg,5.36231884057971,Landscape,mid_score,train
672073,672073.jpg,5.219858156028369,Nature,mid_score,train
273256,273256.jpg,5.093189964157706,Nature,mid_score,train
12076,12076.jpg,5.912621359223301,Sky,mid_score,train
22147,22147.jpg,4.1157407407407405,Nature,mid_score,train
540091,540091.jpg,5.418079096045198,Nature,mid_score,train
65741,65741.jpg,4.117647058823529,Nature,mid_score,train
420893,420893.jpg,5.127272727272727,Landscape,mid_score,train
391100,391100.jpg,6.014084507042254,Nature,mid_score,train
543878,543878.jpg,6.230366492146596,Nature,mid_score,train
493886,493886.jpg,6.364130434782608,Sky,mid_score,train
147034,147034.jpg,4.246913580246914,Architecture,mid_score,train
396037,396037.jpg,5.737991266375546,Nature,mid_score,train
239282,239282.jpg,5.751322751322752,Sky,mid_score,train
424280,424280.jpg,5.734597156398104,Landscape,mid_score,train
645510,645510.jpg,4.055555555555555,Nature,mid_score,train
577484,577484.jpg,5.702702702702703,Travel,mid_score,train
257630,257630.jpg,5.2214285714285715,Landscape,mid_score,train
605775,605775.jpg,4.790322580645161,Performance,mid_score,train
557712,557712.jpg,5.509090909090909,Nature,mid_score,train
320928,320928.jpg,5.722222222222222,Nature,mid_score,train
294790,294790.jpg,5.291079812206573,Rural,mid_score,train
115251,115251.jpg,5.283898305084746,Landscape,mid_score,train
627695,627695.jpg,5.893854748603352,Sky,mid_score,train
433080,433080.jpg,6.092105263157895,Nature,mid_score,train
417471,417471.jpg,5.851162790697674,Landscape,mid_score,train
282240,282240.jpg,5.50828729281768,Rural,mid_score,train
163574,163574.jpg,4.2101449275362315,Nature,mid_score,train
142457,142457.jpg,4.5234375,Transportation,mid_score,train
16301,16301.jpg,6.019704433497537,Architecture,mid_score,train
626619,626619.jpg,5.681034482758621,Sky,mid_score,train
361628,361628.jpg,4.9609375,Landscape,mid_score,train
638798,638798.jpg,5.673684210526316,Architecture,mid_score,train
517359,517359.jpg,5.596244131455399,Nature,mid_score,train
546331,546331.jpg,5.663636363636364,Nature,mid_score,train
403581,403581.jpg,5.6947368421052635,Travel,mid_score,train
544111,544111.jpg,5.811965811965812,Landscape,mid_score,train
208124,208124.jpg,5.440860215053763,Architecture,mid_score,train
390584,390584.jpg,4.809756097560975,Nature,mid_score,train
207896,207896.jpg,5.702127659574468,Nature,mid_score,train
21223,21223.jpg,5.330645161290323,Nature,mid_score,train
504812,504812.jpg,6.472340425531915,Nature,mid_score,train
102124,102124.jpg,4.193396226415095,Architecture,mid_score,train
523467,523467.jpg,6.187214611872146,Landscape,mid_score,train
120904,120904.jpg,5.320872274143302,Architecture,mid_score,train
389791,389791.jpg,5.994845360824742,Nature,mid_score,train
674233,674233.jpg,5.75,Architecture,mid_score,train
439772,439772.jpg,5.912037037037037,Landscape,mid_score,train
199270,199270.jpg,4.772881355932204,Rural,mid_score,train
39649,39649.jpg,4.8431372549019605,Travel,mid_score,train
273902,273902.jpg,5.353571428571429,Architecture,mid_score,train
607065,607065.jpg,5.664634146341464,Landscape,mid_score,train
271336,271336.jpg,6.420289855072464,Nature,mid_score,train
121303,121303.jpg,4.973333333333334,Architecture,mid_score,train
206327,206327.jpg,4.494208494208494,Nature,mid_score,train
262472,262472.jpg,5.265232974910394,Landscape,mid_score,train
416955,416955.jpg,4.60377358490566,Nature,mid_score,train
481207,481207.jpg,6.043795620437956,Architecture,mid_score,train
106230,106230.jpg,5.842794759825328,Nature,mid_score,train
483929,483929.jpg,6.095505617977528,Architecture,mid_score,train
512142,512142.jpg,6.67109634551495,Nature,mid_score,train
492093,492093.jpg,5.579545454545454,Performance,mid_score,train
542459,542459.jpg,6.8040201005025125,Landscape,mid_score,train
444387,444387.jpg,5.827956989247312,Architecture,mid_score,train
116844,116844.jpg,4.938775510204081,Architecture,mid_score,train
668989,668989.jpg,5.119760479041916,Nature,mid_score,train
199652,199652.jpg,5.233333333333333,Nature,mid_score,train
39408,39408.jpg,4.045454545454546,Rural,mid_score,train
303379,303379.jpg,6.154228855721393,Landscape,mid_score,train
581230,581230.jpg,5.102941176470588,Nature,mid_score,train
229540,229540.jpg,4.412451361867705,Nature,mid_score,train
456893,456893.jpg,6.251121076233184,Landscape,mid_score,train
445315,445315.jpg,5.568181818181818,Landscape,mid_score,train
539878,539878.jpg,5.114285714285714,Nature,mid_score,train
306842,306842.jpg,4.833333333333333,Rural,mid_score,train
524073,524073.jpg,6.2023809523809526,Transportation,mid_score,train
274649,274649.jpg,4.26158038147139,Landscape,mid_score,train
689037,689037.jpg,5.628571428571429,Nature,mid_score,train
262470,262470.jpg,5.914285714285715,Landscape,mid_score,train
19884,19884.jpg,5.029411764705882,Sky,mid_score,train
312037,312037.jpg,6.317460317460317,Landscape,mid_score,train
116933,116933.jpg,4.679324894514768,Landscape,mid_score,train
144176,144176.jpg,4.243801652892562,Performance,mid_score,train
228006,228006.jpg,5.0814332247557,Nature,mid_score,train
632683,632683.jpg,5.423868312757202,Architecture,mid_score,train
11488,11488.jpg,6.891304347826087,Architecture,mid_score,train
64948,64948.jpg,6.403314917127072,Nature,mid_score,train
605634,605634.jpg,5.580357142857143,Architecture,mid_score,train
385783,385783.jpg,5.20164609053498,Nature,mid_score,train
397804,397804.jpg,5.109704641350211,Architecture,mid_score,train
308584,308584.jpg,4.705357142857143,Landscape,mid_score,train
146267,146267.jpg,5.620481927710843,Architecture,mid_score,train
564035,564035.jpg,5.390625,Sky,mid_score,train
239518,239518.jpg,5.576086956521739,Landscape,mid_score,train
105840,105840.jpg,5.821561338289963,Nature,mid_score,train
431924,431924.jpg,5.56687898089172,Nature,mid_score,train
499120,499120.jpg,6.022346368715084,Landscape,mid_score,train
650125,650125.jpg,5.515527950310559,Landscape,mid_score,train
497041,497041.jpg,4.722222222222222,Landscape,mid_score,train
521333,521333.jpg,4.9405940594059405,Nature,mid_score,train
652002,652002.jpg,5.614285714285714,Landscape,mid_score,train
486172,486172.jpg,5.12751677852349,Landscape,mid_score,train
533783,533783.jpg,5.951724137931034,Nature,mid_score,train
387017,387017.jpg,4.5,Architecture,mid_score,train
394358,394358.jpg,5.881188118811881,Landscape,mid_score,train
503219,503219.jpg,5.316901408450704,Architecture,mid_score,train
432392,432392.jpg,5.479166666666667,Rural,mid_score,train
451754,451754.jpg,5.330409356725146,Nature,mid_score,train
578718,578718.jpg,5.709219858156028,Travel,mid_score,train
307756,307756.jpg,5.516908212560386,Nature,mid_score,train
50982,50982.jpg,4.908629441624366,Landscape,mid_score,train
635954,635954.jpg,4.272340425531915,Nature,mid_score,train
66679,66679.jpg,5.6208791208791204,Landscape,mid_score,train
533027,533027.jpg,5.10077519379845,Transportation,mid_score,train
163655,163655.jpg,5.934931506849315,Architecture,mid_score,train
494443,494443.jpg,4.295019157088123,Sky,mid_score,train
287101,287101.jpg,4.677248677248677,Landscape,mid_score,train
640414,640414.jpg,5.526315789473684,Nature,mid_score,train
13774,13774.jpg,5.666666666666667,Landscape,mid_score,train
393610,393610.jpg,5.85,Landscape,mid_score,train
430033,430033.jpg,5.3354430379746836,Transportation,mid_score,train
456232,456232.jpg,5.586065573770492,Nature,mid_score,train
39954,39954.jpg,4.519230769230769,Sky,mid_score,train
415691,415691.jpg,5.538243626062323,Architecture,mid_score,train
598328,598328.jpg,5.253164556962025,Nature,mid_score,train
451820,451820.jpg,6.154362416107382,Travel,mid_score,train
447093,447093.jpg,6.756756756756757,Landscape,mid_score,train
176416,176416.jpg,4.888475836431227,Sky,mid_score,train
401418,401418.jpg,5.614973262032086,Nature,mid_score,train
505505,505505.jpg,6.662857142857143,Nature,mid_score,train
457119,457119.jpg,6.013761467889908,Landscape,mid_score,train
591051,591051.jpg,4.418994413407821,Nature,mid_score,train
263328,263328.jpg,6.062043795620438,Landscape,mid_score,train
394520,394520.jpg,4.980392156862745,Landscape,mid_score,train
570105,570105.jpg,5.622857142857143,Architecture,mid_score,train
541784,541784.jpg,5.532967032967033,Travel,mid_score,train
233337,233337.jpg,5.3558558558558556,Architecture,mid_score,train
317780,317780.jpg,5.615384615384615,Architecture,mid_score,train
285599,285599.jpg,5.520833333333333,Landscape,mid_score,train
644442,644442.jpg,4.370535714285714,Transportation,mid_score,train
145890,145890.jpg,5.305232558139535,Architecture,mid_score,train
692742,692742.jpg,5.474025974025974,Architecture,mid_score,train
237308,237308.jpg,4.752427184466019,Rural,mid_score,train
186896,186896.jpg,5.496644295302014,Architecture,mid_score,train
625338,625338.jpg,5.49375,Nature,mid_score,train
480109,480109.jpg,5.565384615384615,Nature,mid_score,train
539621,539621.jpg,6.317708333333333,Performance,mid_score,train
443617,443617.jpg,5.27542372881356,Rural,mid_score,train
241742,241742.jpg,5.211538461538462,Nature,mid_score,train
28473,28473.jpg,6.044715447154472,Nature,mid_score,train
490785,490785.jpg,5.502890173410405,Nature,mid_score,train
251456,251456.jpg,5.118811881188119,Nature,mid_score,train
54772,54772.jpg,6.057142857142857,Architecture,mid_score,train
60469,60469.jpg,6.697841726618705,Nature,mid_score,train
362352,362352.jpg,4.461928934010152,Landscape,mid_score,train
497508,497508.jpg,4.633507853403142,Nature,mid_score,train
429075,429075.jpg,6.240384615384615,Landscape,mid_score,train
303109,303109.jpg,5.3624161073825505,Nature,mid_score,train
664864,664864.jpg,5.347107438016529,Landscape,mid_score,train
275762,275762.jpg,5.011029411764706,Sky,mid_score,train
116634,116634.jpg,5.760135135135135,Nature,mid_score,train
570299,570299.jpg,4.561728395061729,Nature,mid_score,train
635327,635327.jpg,5.716101694915254,Architecture,mid_score,train
26104,26104.jpg,5.826666666666667,Rural,mid_score,train
570394,570394.jpg,5.337423312883436,Nature,mid_score,train
250196,250196.jpg,5.361216730038023,Nature,mid_score,train
114978,114978.jpg,6.173913043478261,Architecture,mid_score,train
610246,610246.jpg,6.15,Landscape,mid_score,train
118946,118946.jpg,5.458333333333333,Landscape,mid_score,train
365067,365067.jpg,4.869415807560137,Landscape,mid_score,train
571954,571954.jpg,5.57487922705314,Landscape,mid_score,train
653007,653007.jpg,5.113924050632911,Landscape,mid_score,train
415892,415892.jpg,5.268817204301075,Landscape,mid_score,train
14964,14964.jpg,4.7560975609756095,Nature,mid_score,train
283354,283354.jpg,4.746875,Nature,mid_score,train
575320,575320.jpg,5.2063492063492065,Rural,mid_score,train
652956,652956.jpg,4.748387096774193,Landscape,mid_score,train
55783,55783.jpg,5.364077669902913,Architecture,mid_score,train
574711,574711.jpg,4.907608695652174,Nature,mid_score,train
576199,576199.jpg,5.680981595092025,Nature,mid_score,train
552902,552902.jpg,5.58421052631579,Landscape,mid_score,train
474376,474376.jpg,6.09375,Travel,mid_score,train
415945,415945.jpg,5.963157894736842,Sky,mid_score,train
688789,688789.jpg,6.244791666666667,Transportation,mid_score,train
403862,403862.jpg,5.927777777777778,Performance,mid_score,train
645303,645303.jpg,5.796875,Landscape,mid_score,train
618043,618043.jpg,4.948387096774193,Landscape,mid_score,train
611182,611182.jpg,5.261111111111111,Nature,mid_score,train
588258,588258.jpg,6.666666666666667,Landscape,mid_score,train
268936,268936.jpg,6.934426229508197,Landscape,mid_score,train
679467,679467.jpg,4.718390804597701,Sky,mid_score,train
457875,457875.jpg,4.122699386503068,Nature,mid_score,train
516848,516848.jpg,5.354838709677419,Architecture,mid_score,train
147125,147125.jpg,4.594117647058823,Architecture,mid_score,train
238115,238115.jpg,4.802139037433155,Landscape,mid_score,train
259337,259337.jpg,4.97153024911032,Landscape,mid_score,train
632183,632183.jpg,5.412698412698413,Landscape,mid_score,train
228205,228205.jpg,5.0476190476190474,Nature,mid_score,train
165088,165088.jpg,5.867704280155642,Rural,mid_score,train
642999,642999.jpg,4.54863813229572,Landscape,mid_score,train
227566,227566.jpg,5.199324324324325,Landscape,mid_score,train
38264,38264.jpg,6.511013215859031,Nature,mid_score,train
662202,662202.jpg,5.757894736842105,Landscape,mid_score,train
656974,656974.jpg,5.32183908045977,Landscape,mid_score,train
161647,161647.jpg,5.184397163120567,Landscape,mid_score,train
28082,28082.jpg,4.516129032258065,Performance,mid_score,train
117382,117382.jpg,5.56,Nature,mid_score,train
61930,61930.jpg,4.857142857142857,Performance,mid_score,train
626695,626695.jpg,5.863829787234042,Nature,mid_score,train
254607,254607.jpg,4.984732824427481,Transportation,mid_score,train
415673,415673.jpg,5.077981651376147,Transportation,mid_score,train
42197,42197.jpg,6.554621848739496,Sky,mid_score,train
531080,531080.jpg,4.806666666666667,Nature,mid_score,train
63565,63565.jpg,5.694805194805195,Sky,mid_score,train
104652,104652.jpg,4.255208333333333,Transportation,mid_score,train
195670,195670.jpg,5.328413284132841,Architecture,mid_score,train
491160,491160.jpg,5.8125,Nature,mid_score,train
494613,494613.jpg,4.662650602409639,Travel,mid_score,train
251318,251318.jpg,4.80859375,Travel,mid_score,train
377581,377581.jpg,6.204545454545454,Rural,mid_score,train
279276,279276.jpg,5.2717770034843205,Nature,mid_score,train
101344,101344.jpg,5.270096463022508,Nature,mid_score,train
283628,283628.jpg,5.865306122448979,Architecture,mid_score,train
603963,603963.jpg,4.690721649484536,Landscape,mid_score,train
527258,527258.jpg,5.741721854304636,Nature,mid_score,train
504456,504456.jpg,6.340136054421769,Architecture,mid_score,train
629600,629600.jpg,5.17741935483871,Nature,mid_score,train
55778,55778.jpg,6.132352941176471,Nature,mid_score,train
239457,239457.jpg,4.625641025641026,Nature,mid_score,train
113259,113259.jpg,6.5256410256410255,Transportation,mid_score,train
659688,659688.jpg,6.428571428571429,Sky,mid_score,train
400836,400836.jpg,6.459558823529412,Landscape,mid_score,train
617338,617338.jpg,5.634751773049645,Landscape,mid_score,train
405941,405941.jpg,6.203125,Nature,mid_score,train
607015,607015.jpg,6.218978102189781,Landscape,mid_score,train
276208,276208.jpg,5.661654135338346,Landscape,mid_score,train
666382,666382.jpg,6.701030927835052,Nature,mid_score,train
663195,663195.jpg,5.900621118012422,Landscape,mid_score,train
11253,11253.jpg,4.888888888888889,Landscape,mid_score,train
462540,462540.jpg,5.701754385964913,Nature,mid_score,train
476670,476670.jpg,5.744292237442922,Landscape,mid_score,train
226530,226530.jpg,5.1625,Sky,mid_score,train
42592,42592.jpg,4.265486725663717,Nature,mid_score,train
234623,234623.jpg,4.694805194805195,Landscape,mid_score,train
268865,268865.jpg,6.423180592991914,Transportation,mid_score,train
43822,43822.jpg,4.888059701492537,Architecture,mid_score,train
492333,492333.jpg,5.088235294117647,Landscape,mid_score,train
181785,181785.jpg,4.589655172413793,Landscape,mid_score,train
376507,376507.jpg,5.470873786407767,Architecture,mid_score,train
236883,236883.jpg,6.25,Sky,mid_score,train
521637,521637.jpg,4.779874213836478,Landscape,mid_score,train
375416,375416.jpg,4.994791666666667,Nature,mid_score,train
217480,217480.jpg,4.614285714285714,Performance,mid_score,train
656423,656423.jpg,5.775,Nature,mid_score,train
390325,390325.jpg,5.087431693989071,Architecture,mid_score,train
388310,388310.jpg,5.448132780082988,Nature,mid_score,train
691784,691784.jpg,5.263513513513513,Nature,mid_score,train
69098,69098.jpg,5.5893536121673,Architecture,mid_score,train
449463,449463.jpg,6.066091954022989,Landscape,mid_score,train
534881,534881.jpg,5.4222222222222225,Nature,mid_score,train
167875,167875.jpg,5.260162601626016,Nature,mid_score,train
583201,583201.jpg,5.067164179104478,Landscape,mid_score,train
159988,159988.jpg,5.3125,Nature,mid_score,train
192609,192609.jpg,5.185873605947956,Rural,mid_score,train
571674,571674.jpg,5.895927601809955,Landscape,mid_score,train
687712,687712.jpg,6.104651162790698,Landscape,mid_score,train
373597,373597.jpg,5.2314410480349345,Transportation,mid_score,train
25003,25003.jpg,5.39344262295082,Architecture,mid_score,train
206917,206917.jpg,5.939226519337017,Landscape,mid_score,train
249405,249405.jpg,5.581589958158996,Landscape,mid_score,train
236917,236917.jpg,4.889423076923077,Landscape,mid_score,train
376072,376072.jpg,5.0524017467248905,Transportation,mid_score,train
408362,408362.jpg,6.351170568561873,Performance,mid_score,train
25910,25910.jpg,5.987551867219917,Landscape,mid_score,train
165409,165409.jpg,4.983050847457627,Architecture,mid_score,train
401116,401116.jpg,5.618518518518519,Transportation,mid_score,train
265484,265484.jpg,5.526315789473684,Nature,mid_score,train
523264,523264.jpg,4.532467532467533,Performance,mid_score,train
43378,43378.jpg,5.1068376068376065,Sky,mid_score,train
310691,310691.jpg,4.071428571428571,Nature,mid_score,train
223530,223530.jpg,4.4189723320158105,Nature,mid_score,train
169658,169658.jpg,4.825352112676057,Nature,mid_score,train
458663,458663.jpg,6.059523809523809,Transportation,mid_score,train
468639,468639.jpg,5.397849462365591,Performance,mid_score,train
644702,644702.jpg,6.974226804123711,Landscape,mid_score,train
121042,121042.jpg,6.886627906976744,Nature,mid_score,train
485302,485302.jpg,6.254166666666666,Landscape,mid_score,train
571944,571944.jpg,5.241545893719807,Landscape,mid_score,train
611764,611764.jpg,5.848484848484849,Architecture,mid_score,train
432648,432648.jpg,5.267326732673268,Nature,mid_score,train
147473,147473.jpg,5.0568862275449105,Architecture,mid_score,train
573318,573318.jpg,5.052910052910053,Architecture,mid_score,train
625360,625360.jpg,6.732142857142857,Landscape,mid_score,train
633638,633638.jpg,4.82258064516129,Architecture,mid_score,train
644839,644839.jpg,5.51685393258427,Landscape,mid_score,train
117847,117847.jpg,4.251366120218579,Sky,mid_score,train
141761,141761.jpg,4.69811320754717,Landscape,mid_score,train
521966,521966.jpg,6.901734104046243,Nature,mid_score,train
514828,514828.jpg,5.380368098159509,Performance,mid_score,train
168058,168058.jpg,4.608695652173913,Landscape,mid_score,train
236125,236125.jpg,5.122549019607843,Architecture,mid_score,train
210979,210979.jpg,6.575510204081633,Travel,mid_score,train
314486,314486.jpg,6.46875,Landscape,mid_score,train
486863,486863.jpg,5.0,Sky,mid_score,train
388538,388538.jpg,5.806451612903226,Landscape,mid_score,train
116986,116986.jpg,5.158469945355192,Architecture,mid_score,train
673288,673288.jpg,5.323170731707317,Architecture,mid_score,train
426753,426753.jpg,5.501718213058419,Landscape,mid_score,train
647592,647592.jpg,5.8734177215189876,Landscape,mid_score,train
210821,210821.jpg,6.758333333333334,Landscape,mid_score,train
678505,678505.jpg,4.534883720930233,Transportation,mid_score,train
547434,547434.jpg,5.140127388535032,Landscape,mid_score,train
226213,226213.jpg,5.521311475409836,Nature,mid_score,train
648829,648829.jpg,4.740566037735849,Landscape,mid_score,train
163311,163311.jpg,4.943859649122807,Transportation,mid_score,train
158171,158171.jpg,6.15695067264574,Architecture,mid_score,train
239035,239035.jpg,5.138728323699422,Architecture,mid_score,train
430455,430455.jpg,5.9837837837837835,Sky,mid_score,train
633644,633644.jpg,6.370656370656371,Landscape,mid_score,train
691032,691032.jpg,4.586776859504132,Nature,mid_score,train
112942,112942.jpg,5.565217391304348,Architecture,mid_score,train
662255,662255.jpg,4.016042780748663,Nature,mid_score,train
504725,504725.jpg,6.078341013824885,Transportation,mid_score,train
640838,640838.jpg,5.859154929577465,Landscape,mid_score,train
30978,30978.jpg,5.366071428571429,Nature,mid_score,train
136177,136177.jpg,5.002976190476191,Nature,mid_score,train
610758,610758.jpg,6.082417582417582,Nature,mid_score,train
402756,402756.jpg,5.855670103092783,Sky,mid_score,train
266075,266075.jpg,4.242622950819672,Architecture,mid_score,train
672125,672125.jpg,4.635922330097087,Landscape,mid_score,train
426783,426783.jpg,5.773255813953488,Landscape,mid_score,train
393907,393907.jpg,5.029850746268656,Nature,mid_score,train
103063,103063.jpg,6.014218009478673,Architecture,mid_score,train
676554,676554.jpg,4.51685393258427,Landscape,mid_score,train
569954,569954.jpg,4.9937888198757765,Nature,mid_score,train
491943,491943.jpg,4.83030303030303,Landscape,mid_score,train
281637,281637.jpg,6.405594405594406,Landscape,mid_score,train
139749,139749.jpg,6.6066666666666665,Landscape,mid_score,train
175439,175439.jpg,4.601532567049809,Architecture,mid_score,train
69160,69160.jpg,5.608187134502924,Landscape,mid_score,train
481501,481501.jpg,6.518518518518518,Landscape,mid_score,train
396912,396912.jpg,5.53125,Architecture,mid_score,train
663646,663646.jpg,6.24203821656051,Sky,mid_score,train
639797,639797.jpg,6.203187250996016,Landscape,mid_score,train
608659,608659.jpg,6.961538461538462,Nature,mid_score,train
669601,669601.jpg,5.516556291390729,Architecture,mid_score,train
368001,368001.jpg,4.921568627450981,Transportation,mid_score,train
56045,56045.jpg,5.137096774193548,Landscape,mid_score,train
31815,31815.jpg,5.173076923076923,Nature,mid_score,train
537763,537763.jpg,5.0,Nature,mid_score,train
208981,208981.jpg,5.405063291139241,Transportation,mid_score,train
533604,533604.jpg,5.541353383458647,Nature,mid_score,train
237479,237479.jpg,5.476683937823834,Nature,mid_score,train
571258,571258.jpg,5.799065420560748,Landscape,mid_score,train
218073,218073.jpg,5.277397260273973,Nature,mid_score,train
109593,109593.jpg,5.6461538461538465,Nature,mid_score,train
229860,229860.jpg,5.684397163120567,Nature,mid_score,train
30579,30579.jpg,5.863309352517986,Nature,mid_score,train
365509,365509.jpg,4.04406779661017,Landscape,mid_score,train
631277,631277.jpg,6.384920634920635,Landscape,mid_score,train
490850,490850.jpg,5.487804878048781,Nature,mid_score,train
191495,191495.jpg,5.677272727272728,Transportation,mid_score,train
321917,321917.jpg,5.742857142857143,Landscape,mid_score,train
145796,145796.jpg,5.198019801980198,Transportation,mid_score,train
263500,263500.jpg,4.257575757575758,Landscape,mid_score,train
16439,16439.jpg,4.925764192139738,Nature,mid_score,train
543850,543850.jpg,5.594736842105263,Landscape,mid_score,train
427215,427215.jpg,6.483568075117371,Landscape,mid_score,train
24918,24918.jpg,6.03125,Nature,mid_score,train
572893,572893.jpg,4.801104972375691,Nature,mid_score,train
542756,542756.jpg,4.714285714285714,Nature,mid_score,train
534374,534374.jpg,6.026315789473684,Travel,mid_score,train
461399,461399.jpg,4.542056074766355,Landscape,mid_score,train
365411,365411.jpg,5.652849740932642,Landscape,mid_score,train
648980,648980.jpg,6.621145374449339,Landscape,mid_score,train
263513,263513.jpg,5.248031496062992,Landscape,mid_score,train
284407,284407.jpg,6.0,Nature,mid_score,train
221768,221768.jpg,5.746113989637306,Rural,mid_score,train
437290,437290.jpg,5.484375,Architecture,mid_score,train
55347,55347.jpg,5.131147540983607,Travel,mid_score,train
687334,687334.jpg,5.005917159763314,Architecture,mid_score,train
528323,528323.jpg,4.585106382978723,Sky,mid_score,train
369613,369613.jpg,5.7176470588235295,Landscape,mid_score,train
419181,419181.jpg,6.926829268292683,Rural,mid_score,train
276204,276204.jpg,6.002293577981652,Landscape,mid_score,train
102902,102902.jpg,4.328502415458937,Landscape,mid_score,train
54178,54178.jpg,6.168539325842697,Sky,mid_score,train
644447,644447.jpg,5.265193370165746,Transportation,mid_score,train
633678,633678.jpg,5.2073170731707314,Architecture,mid_score,train
237345,237345.jpg,4.818627450980392,Architecture,mid_score,train
3962,3962.jpg,6.724907063197026,Architecture,mid_score,train
61349,61349.jpg,5.649681528662421,Nature,mid_score,train
167963,167963.jpg,4.855371900826446,Nature,mid_score,train
231844,231844.jpg,4.871794871794871,Nature,mid_score,train
198780,198780.jpg,4.6,Architecture,mid_score,train
402494,402494.jpg,6.502762430939226,Landscape,mid_score,train
171142,171142.jpg,5.551075268817204,Nature,mid_score,train
498058,498058.jpg,6.600790513833992,Landscape,mid_score,train
604613,604613.jpg,5.961538461538462,Nature,mid_score,train
188699,188699.jpg,4.7622641509433965,Nature,mid_score,train
682289,682289.jpg,4.708074534161491,Landscape,mid_score,train
374305,374305.jpg,4.734782608695652,Transportation,mid_score,train
387883,387883.jpg,5.462450592885376,Landscape,mid_score,train
609198,609198.jpg,5.61611374407583,Sky,mid_score,train
244828,244828.jpg,4.8019323671497585,Nature,mid_score,train
284628,284628.jpg,5.190476190476191,Architecture,mid_score,train
238789,238789.jpg,6.187192118226601,Landscape,mid_score,train
401830,401830.jpg,4.952095808383233,Nature,mid_score,train
470183,470183.jpg,5.462857142857143,Landscape,mid_score,train
312145,312145.jpg,4.318681318681318,Nature,mid_score,train
46287,46287.jpg,4.678321678321678,Nature,mid_score,train
680143,680143.jpg,6.945783132530121,Architecture,mid_score,train
11491,11491.jpg,5.98936170212766,Architecture,mid_score,train
68711,68711.jpg,5.485943775100401,Rural,mid_score,train
208670,208670.jpg,5.102150537634409,Travel,mid_score,train
31227,31227.jpg,5.280172413793103,Nature,mid_score,train
661955,661955.jpg,5.18974358974359,Architecture,mid_score,train
167592,167592.jpg,5.806451612903226,Rural,mid_score,train
287601,287601.jpg,5.479166666666667,Nature,mid_score,train
244193,244193.jpg,5.334862385321101,Architecture,mid_score,train
41411,41411.jpg,5.785185185185185,Nature,mid_score,train
387933,387933.jpg,4.739669421487603,Sky,mid_score,train
303585,303585.jpg,6.067961165048544,Architecture,mid_score,train
638166,638166.jpg,5.843434343434343,Architecture,mid_score,train
670033,670033.jpg,5.52760736196319,Nature,mid_score,train
247606,247606.jpg,5.404255319148936,Nature,mid_score,train
294693,294693.jpg,4.166180758017493,Transportation,mid_score,train
675936,675936.jpg,6.565400843881856,Nature,mid_score,train
594159,594159.jpg,6.3,Sky,mid_score,train
13955,13955.jpg,5.443349753694581,Architecture,mid_score,train
136766,136766.jpg,5.3895348837209305,Landscape,mid_score,train
467912,467912.jpg,5.736318407960199,Performance,mid_score,train
160371,160371.jpg,5.2460732984293195,Landscape,mid_score,train
391083,391083.jpg,4.514150943396227,Nature,mid_score,train
431705,431705.jpg,5.63681592039801,Transportation,mid_score,train
23023,23023.jpg,5.45933014354067,Architecture,mid_score,train
545215,545215.jpg,5.75,Landscape,mid_score,train
210837,210837.jpg,5.75103734439834,Architecture,mid_score,train
383840,383840.jpg,5.619354838709677,Nature,mid_score,train
391718,391718.jpg,5.5673076923076925,Landscape,mid_score,train
635636,635636.jpg,5.719827586206897,Nature,mid_score,train
52097,52097.jpg,5.430769230769231,Landscape,mid_score,train
532025,532025.jpg,5.614035087719298,Architecture,mid_score,train
545955,545955.jpg,6.0964912280701755,Travel,mid_score,train
64816,64816.jpg,4.521897810218978,Architecture,mid_score,train
627414,627414.jpg,5.8017621145374445,Transportation,mid_score,train
284901,284901.jpg,5.625641025641026,Landscape,mid_score,train
684522,684522.jpg,5.384615384615385,Transportation,mid_score,train
316813,316813.jpg,4.650943396226415,Nature,mid_score,train
273174,273174.jpg,5.426108374384237,Architecture,mid_score,train
605832,605832.jpg,6.024390243902439,Nature,mid_score,train
447436,447436.jpg,5.0,Sky,mid_score,train
261095,261095.jpg,6.172413793103448,Rural,mid_score,train
472867,472867.jpg,5.408284023668639,Nature,mid_score,train
432804,432804.jpg,5.163934426229508,Nature,mid_score,train
363918,363918.jpg,5.926282051282051,Sky,mid_score,train
474663,474663.jpg,6.322784810126582,Architecture,mid_score,train
271237,271237.jpg,5.5227272727272725,Nature,mid_score,train
263525,263525.jpg,5.738970588235294,Architecture,mid_score,train
279054,279054.jpg,4.989932885906041,Nature,mid_score,train
197977,197977.jpg,4.4878892733564015,Sky,mid_score,train
404879,404879.jpg,6.096590909090909,Landscape,mid_score,train
607267,607267.jpg,4.216216216216216,Nature,mid_score,train
121205,121205.jpg,5.593406593406593,Transportation,mid_score,train
46516,46516.jpg,5.539568345323741,Performance,mid_score,train
554354,554354.jpg,5.840579710144928,Sky,mid_score,train
400681,400681.jpg,4.497267759562842,Landscape,mid_score,train
668986,668986.jpg,4.725352112676056,Nature,mid_score,train
311526,311526.jpg,6.395480225988701,Nature,mid_score,train
602649,602649.jpg,4.25,Nature,mid_score,train
100308,100308.jpg,4.937888198757764,Architecture,mid_score,train
420757,420757.jpg,5.661971830985915,Landscape,mid_score,train
195824,195824.jpg,6.2439024390243905,Nature,mid_score,train
110356,110356.jpg,6.698181818181818,Rural,mid_score,train
610208,610208.jpg,5.701986754966887,Nature,mid_score,train
603944,603944.jpg,5.3520408163265305,Landscape,mid_score,train
425714,425714.jpg,5.664739884393064,Nature,mid_score,train
101921,101921.jpg,5.051446945337621,Sky,mid_score,train
446714,446714.jpg,5.693548387096774,Rural,mid_score,train
560690,560690.jpg,5.694656488549619,Nature,mid_score,train
637842,637842.jpg,4.0966386554621845,Travel,mid_score,train
360902,360902.jpg,6.034825870646766,Landscape,mid_score,train
504260,504260.jpg,5.59433962264151,Architecture,mid_score,train
409899,409899.jpg,5.259740259740259,Nature,mid_score,train
632606,632606.jpg,5.482051282051282,Nature,mid_score,train
627983,627983.jpg,6.096256684491979,Landscape,mid_score,train
651726,651726.jpg,5.942583732057416,Architecture,mid_score,train
423553,423553.jpg,5.075675675675676,Landscape,mid_score,train
612415,612415.jpg,4.772532188841201,Landscape,mid_score,train
282311,282311.jpg,5.3,Sky,mid_score,train
237714,237714.jpg,6.553299492385787,Landscape,mid_score,train
497249,497249.jpg,6.003968253968254,Landscape,mid_score,train
515309,515309.jpg,4.792792792792793,Nature,mid_score,train
382877,382877.jpg,5.180487804878049,Sky,mid_score,train
116605,116605.jpg,4.781115879828326,Architecture,mid_score,train
41288,41288.jpg,4.734782608695652,Architecture,mid_score,train
575973,575973.jpg,6.052980132450331,Landscape,mid_score,train
459393,459393.jpg,4.602209944751381,Nature,mid_score,train
579375,579375.jpg,5.303225806451613,Nature,mid_score,train
506197,506197.jpg,5.9221789883268485,Architecture,mid_score,train
650550,650550.jpg,5.830917874396135,Rural,mid_score,train
5455,5455.jpg,5.7463235294117645,Nature,mid_score,train
541235,541235.jpg,6.8979591836734695,Nature,mid_score,train
321407,321407.jpg,5.277777777777778,Architecture,mid_score,train
272126,272126.jpg,5.99,Nature,mid_score,train
237013,237013.jpg,5.610328638497653,Sky,mid_score,train
294582,294582.jpg,5.890995260663507,Landscape,mid_score,train
508192,508192.jpg,4.907834101382488,Performance,mid_score,train
18724,18724.jpg,6.3088235294117645,Nature,mid_score,train
30315,30315.jpg,4.465811965811966,Nature,mid_score,train
22307,22307.jpg,5.586776859504132,Nature,mid_score,train
632740,632740.jpg,4.644670050761421,Nature,mid_score,train
457783,457783.jpg,4.751152073732719,Transportation,mid_score,train
486402,486402.jpg,6.004901960784314,Architecture,mid_score,train
472191,472191.jpg,6.6,Landscape,mid_score,train
234360,234360.jpg,4.784313725490196,Nature,mid_score,train
40463,40463.jpg,5.359183673469388,Architecture,mid_score,train
135849,135849.jpg,5.258620689655173,Nature,mid_score,train
478161,478161.jpg,5.027322404371585,Landscape,mid_score,train
625469,625469.jpg,6.357954545454546,Architecture,mid_score,train
640288,640288.jpg,5.9523809523809526,Landscape,mid_score,train
389984,389984.jpg,4.1506849315068495,Nature,mid_score,train
16753,16753.jpg,5.825,Architecture,mid_score,train
578437,578437.jpg,6.354166666666667,Performance,mid_score,train
195774,195774.jpg,5.23015873015873,Architecture,mid_score,train
16400,16400.jpg,5.244791666666667,Nature,mid_score,train
402536,402536.jpg,6.401041666666667,Transportation,mid_score,train
5492,5492.jpg,5.142857142857143,Nature,mid_score,train
166105,166105.jpg,4.756183745583039,Architecture,mid_score,train
224447,224447.jpg,4.572463768115942,Rural,mid_score,train
361929,361929.jpg,5.49537037037037,Landscape,mid_score,train
403904,403904.jpg,6.23936170212766,Landscape,mid_score,train
635841,635841.jpg,5.359307359307359,Nature,mid_score,train
22703,22703.jpg,6.193548387096774,Performance,mid_score,train
451175,451175.jpg,6.047353760445683,Landscape,mid_score,train
188235,188235.jpg,4.47741935483871,Architecture,mid_score,train
362109,362109.jpg,4.846743295019157,Transportation,mid_score,train
428861,428861.jpg,6.027777777777778,Travel,mid_score,train
605433,605433.jpg,5.7631578947368425,Rural,mid_score,train
601731,601731.jpg,4.912698412698413,Architecture,mid_score,train
280554,280554.jpg,5.815384615384615,Transportation,mid_score,train
45247,45247.jpg,4.731601731601732,Nature,mid_score,train
320613,320613.jpg,5.725581395348837,Architecture,mid_score,train
581051,581051.jpg,5.537234042553192,Nature,mid_score,train
261058,261058.jpg,4.652329749103942,Landscape,mid_score,train
187087,187087.jpg,4.584717607973422,Landscape,mid_score,train
251005,251005.jpg,5.914396887159533,Architecture,mid_score,train
362071,362071.jpg,5.480952380952381,Landscape,mid_score,train
401582,401582.jpg,5.038910505836576,Nature,mid_score,train
394043,394043.jpg,5.733668341708543,Landscape,mid_score,train
160274,160274.jpg,5.702341137123746,Landscape,mid_score,train
121076,121076.jpg,6.772988505747127,Landscape,mid_score,train
456603,456603.jpg,4.702928870292887,Nature,mid_score,train
605831,605831.jpg,4.792,Architecture,mid_score,train
592885,592885.jpg,6.7936507936507935,Landscape,mid_score,train
570293,570293.jpg,5.2407407407407405,Rural,mid_score,train
598185,598185.jpg,6.298780487804878,Nature,mid_score,train
282769,282769.jpg,4.392857142857143,Architecture,mid_score,train
534365,534365.jpg,6.145695364238411,Nature,mid_score,train
180176,180176.jpg,5.093525179856115,Nature,mid_score,train
623785,623785.jpg,6.441048034934497,Landscape,mid_score,train
600550,600550.jpg,5.337579617834395,Transportation,mid_score,train
50470,50470.jpg,6.92,Landscape,mid_score,train
185657,185657.jpg,4.796551724137931,Nature,mid_score,train
60284,60284.jpg,5.077519379844961,Landscape,mid_score,train
446370,446370.jpg,5.578313253012048,Nature,mid_score,train
235869,235869.jpg,4.922374429223744,Architecture,mid_score,train
145687,145687.jpg,5.670487106017192,Landscape,mid_score,train
426868,426868.jpg,6.652671755725191,Nature,mid_score,train
60663,60663.jpg,5.964285714285714,Nature,mid_score,train
516987,516987.jpg,5.285067873303167,Nature,mid_score,train
653043,653043.jpg,6.434523809523809,Nature,mid_score,train
164985,164985.jpg,4.9245283018867925,Landscape,mid_score,train
42737,42737.jpg,5.206751054852321,Landscape,mid_score,train
262122,262122.jpg,5.577358490566038,Landscape,mid_score,train
403848,403848.jpg,5.622857142857143,Nature,mid_score,train
237319,237319.jpg,4.635944700460829,Architecture,mid_score,train
204772,204772.jpg,5.174418604651163,Nature,mid_score,train
314724,314724.jpg,5.096774193548387,Sky,mid_score,train
496544,496544.jpg,5.958490566037736,Landscape,mid_score,train
484042,484042.jpg,5.090909090909091,Landscape,mid_score,train
262566,262566.jpg,4.968468468468468,Nature,mid_score,train
224749,224749.jpg,6.207482993197279,Transportation,mid_score,train
498423,498423.jpg,5.511450381679389,Landscape,mid_score,train
308001,308001.jpg,4.189054726368159,Landscape,mid_score,train
116270,116270.jpg,5.819354838709677,Nature,mid_score,train
588915,588915.jpg,6.127272727272727,Landscape,mid_score,train
313899,313899.jpg,4.665137614678899,Travel,mid_score,train
526123,526123.jpg,6.044943820224719,Architecture,mid_score,train
632845,632845.jpg,4.680203045685279,Landscape,mid_score,train
286304,286304.jpg,6.046875,Sky,mid_score,train
606624,606624.jpg,5.773109243697479,Travel,mid_score,train
381392,381392.jpg,4.790816326530612,Nature,mid_score,train
414855,414855.jpg,5.614973262032086,Landscape,mid_score,train
375577,375577.jpg,6.020725388601036,Nature,mid_score,train
621551,621551.jpg,4.9324324324324325,Architecture,mid_score,train
575391,575391.jpg,6.047904191616767,Nature,mid_score,train
118021,118021.jpg,5.1480263157894735,Nature,mid_score,train
562157,562157.jpg,6.455882352941177,Architecture,mid_score,train
41329,41329.jpg,5.204081632653061,Landscape,mid_score,train
443942,443942.jpg,5.948717948717949,Nature,mid_score,train
167555,167555.jpg,5.445414847161572,Landscape,mid_score,train
398386,398386.jpg,5.020618556701031,Transportation,mid_score,train
674862,674862.jpg,5.347517730496454,Landscape,mid_score,train
496220,496220.jpg,6.279187817258883,Nature,mid_score,train
631403,631403.jpg,6.02020202020202,Rural,mid_score,train
362371,362371.jpg,5.076555023923445,Architecture,mid_score,train
660551,660551.jpg,5.98,Nature,mid_score,train
165668,165668.jpg,5.660256410256411,Architecture,mid_score,train
636159,636159.jpg,5.864406779661017,Landscape,mid_score,train
42693,42693.jpg,6.89171974522293,Sky,mid_score,train
429063,429063.jpg,5.65566037735849,Landscape,mid_score,train
26280,26280.jpg,5.4803493449781655,Landscape,mid_score,train
211439,211439.jpg,5.385892116182573,Transportation,mid_score,train
493636,493636.jpg,5.662721893491124,Architecture,mid_score,train
651806,651806.jpg,4.931372549019608,Rural,mid_score,train
662368,662368.jpg,5.610738255033557,Transportation,mid_score,train
683404,683404.jpg,6.280373831775701,Nature,mid_score,train
320512,320512.jpg,5.306273062730627,Nature,mid_score,train
288498,288498.jpg,5.909547738693467,Landscape,mid_score,train
25935,25935.jpg,5.553648068669528,Nature,mid_score,train
137158,137158.jpg,6.683333333333334,Architecture,mid_score,train
438693,438693.jpg,5.374074074074074,Sky,mid_score,train
659140,659140.jpg,5.428571428571429,Nature,mid_score,train
421963,421963.jpg,4.261224489795918,Travel,mid_score,val
623826,623826.jpg,5.314720812182741,Nature,mid_score,val
432232,432232.jpg,5.033898305084746,Architecture,mid_score,val
280731,280731.jpg,4.9057591623036645,Landscape,mid_score,val
196750,196750.jpg,4.669117647058823,Transportation,mid_score,val
246556,246556.jpg,6.362369337979094,Nature,mid_score,val
456765,456765.jpg,5.185483870967742,Nature,mid_score,val
139214,139214.jpg,5.968085106382978,Architecture,mid_score,val
499204,499204.jpg,5.603703703703704,Landscape,mid_score,val
582794,582794.jpg,5.741935483870968,Travel,mid_score,val
477193,477193.jpg,5.502923976608187,Travel,mid_score,val
522370,522370.jpg,5.454976303317536,Landscape,mid_score,val
104691,104691.jpg,5.037634408602151,Architecture,mid_score,val
588148,588148.jpg,4.053254437869822,Nature,mid_score,val
103193,103193.jpg,5.014150943396227,Landscape,mid_score,val
28435,28435.jpg,5.1880733944954125,Architecture,mid_score,val
237300,237300.jpg,5.849765258215962,Nature,mid_score,val
488458,488458.jpg,5.627906976744186,Nature,mid_score,val
284984,284984.jpg,5.841176470588235,Nature,mid_score,val
235577,235577.jpg,4.502463054187192,Sky,mid_score,val
457700,457700.jpg,6.266272189349112,Nature,mid_score,val
197276,197276.jpg,5.571428571428571,Transportation,mid_score,val
463713,463713.jpg,5.081447963800905,Architecture,mid_score,val
639790,639790.jpg,4.899159663865547,Architecture,mid_score,val
208394,208394.jpg,4.455223880597015,Landscape,mid_score,val
609903,609903.jpg,5.171717171717172,Nature,mid_score,val
668538,668538.jpg,4.1752136752136755,Landscape,mid_score,val
522060,522060.jpg,5.575,Sky,mid_score,val
440920,440920.jpg,5.3559322033898304,Sky,mid_score,val
577541,577541.jpg,4.8354430379746836,Nature,mid_score,val
683499,683499.jpg,5.283870967741936,Nature,mid_score,val
50089,50089.jpg,4.375,Nature,mid_score,val
510592,510592.jpg,6.516806722689076,Landscape,mid_score,val
254028,254028.jpg,5.180487804878049,Landscape,mid_score,val
140354,140354.jpg,4.905405405405405,Landscape,mid_score,val
187263,187263.jpg,5.473684210526316,Architecture,mid_score,val
116294,116294.jpg,5.043333333333333,Landscape,mid_score,val
623194,623194.jpg,5.417040358744394,Transportation,mid_score,val
20957,20957.jpg,4.24,Sky,mid_score,val
19851,19851.jpg,5.822115384615385,Travel,mid_score,val
501829,501829.jpg,5.503105590062112,Nature,mid_score,val
487481,487481.jpg,4.84516129032258,Architecture,mid_score,val
590265,590265.jpg,5.2146118721461185,Nature,mid_score,val
110477,110477.jpg,5.854014598540146,Sky,mid_score,val
424226,424226.jpg,6.217592592592593,Nature,mid_score,val
624634,624634.jpg,5.202312138728324,Nature,mid_score,val
40404,40404.jpg,6.407258064516129,Architecture,mid_score,val
20367,20367.jpg,5.057268722466961,Landscape,mid_score,val
529093,529093.jpg,6.374301675977653,Nature,mid_score,val
278772,278772.jpg,5.968152866242038,Travel,mid_score,val
41279,41279.jpg,5.697959183673469,Architecture,mid_score,val
473580,473580.jpg,4.568047337278107,Landscape,mid_score,val
411935,411935.jpg,5.528138528138528,Landscape,mid_score,val
505081,505081.jpg,6.794520547945205,Landscape,mid_score,val
256711,256711.jpg,5.019607843137255,Landscape,mid_score,val
251673,251673.jpg,5.026819923371647,Nature,mid_score,val
59071,59071.jpg,4.4863813229571985,Nature,mid_score,val
541309,541309.jpg,5.333333333333333,Sky,mid_score,val
611805,611805.jpg,5.981132075471698,Architecture,mid_score,val
625885,625885.jpg,5.108843537414966,Nature,mid_score,val
162216,162216.jpg,5.646808510638298,Nature,mid_score,val
368328,368328.jpg,6.4404145077720205,Landscape,mid_score,val
67777,67777.jpg,5.118918918918919,Nature,mid_score,val
248194,248194.jpg,4.970588235294118,Landscape,mid_score,val
499296,499296.jpg,6.303370786516854,Landscape,mid_score,val
147140,147140.jpg,4.303206997084548,Landscape,mid_score,val
192157,192157.jpg,5.821917808219178,Architecture,mid_score,val
278174,278174.jpg,5.8338983050847455,Architecture,mid_score,val
659621,659621.jpg,5.186915887850467,Landscape,mid_score,val
619860,619860.jpg,5.572916666666667,Sky,mid_score,val
284682,284682.jpg,6.637195121951219,Nature,mid_score,val
394941,394941.jpg,5.5636363636363635,Architecture,mid_score,val
627320,627320.jpg,6.028735632183908,Landscape,mid_score,val
618431,618431.jpg,5.577181208053691,Nature,mid_score,val
414742,414742.jpg,4.72680412371134,Landscape,mid_score,val
184594,184594.jpg,5.898230088495575,Nature,mid_score,val
137597,137597.jpg,4.231927710843373,Landscape,mid_score,val
674392,674392.jpg,4.552795031055901,Architecture,mid_score,val
244903,244903.jpg,4.890410958904109,Transportation,mid_score,val
227480,227480.jpg,4.125,Nature,mid_score,val
675628,675628.jpg,5.65296803652968,Sky,mid_score,val
426395,426395.jpg,5.087209302325581,Architecture,mid_score,val
380659,380659.jpg,5.218461538461538,Transportation,mid_score,val
391685,391685.jpg,4.3478260869565215,Nature,mid_score,val
652873,652873.jpg,6.25625,Nature,mid_score,val
656564,656564.jpg,5.305084745762712,Travel,mid_score,val
204608,204608.jpg,6.161904761904762,Architecture,mid_score,val
233324,233324.jpg,5.13963963963964,Architecture,mid_score,val
431906,431906.jpg,6.165829145728643,Nature,mid_score,val
603838,603838.jpg,5.4188481675392675,Landscape,mid_score,val
550326,550326.jpg,5.043478260869565,Performance,mid_score,val
147556,147556.jpg,4.9171597633136095,Architecture,mid_score,val
318950,318950.jpg,6.723958333333333,Nature,mid_score,val
623414,623414.jpg,5.316062176165803,Nature,mid_score,val
610079,610079.jpg,5.7560975609756095,Transportation,mid_score,val
236233,236233.jpg,5.018604651162791,Nature,mid_score,val
627455,627455.jpg,6.414364640883978,Landscape,mid_score,val
550710,550710.jpg,4.741071428571429,Nature,mid_score,val
224004,224004.jpg,5.544,Nature,mid_score,val
208602,208602.jpg,4.979057591623037,Rural,mid_score,val
52390,52390.jpg,6.36318407960199,Landscape,mid_score,val
21094,21094.jpg,5.95,Landscape,mid_score,val
203816,203816.jpg,5.762452107279693,Nature,mid_score,val
188432,188432.jpg,5.834586466165414,Nature,mid_score,val
217595,217595.jpg,5.36271186440678,Sky,mid_score,val
182984,182984.jpg,4.4015748031496065,Nature,mid_score,val
442497,442497.jpg,6.050561797752809,Landscape,mid_score,val
226586,226586.jpg,4.877637130801688,Nature,mid_score,val
164820,164820.jpg,5.037162162162162,Architecture,mid_score,val
591632,591632.jpg,4.371428571428571,Nature,mid_score,val
596874,596874.jpg,5.4411764705882355,Rural,mid_score,val
284536,284536.jpg,5.469635627530365,Transportation,mid_score,val
68276,68276.jpg,6.504065040650406,Landscape,mid_score,val
653014,653014.jpg,5.642384105960265,Nature,mid_score,val
616146,616146.jpg,5.817518248175182,Nature,mid_score,val
50828,50828.jpg,4.9523809523809526,Nature,mid_score,val
426126,426126.jpg,4.914285714285715,Sky,mid_score,val
537200,537200.jpg,6.39572192513369,Nature,mid_score,val
260882,260882.jpg,4.506666666666667,Sky,mid_score,val
144357,144357.jpg,4.801829268292683,Nature,mid_score,val
211464,211464.jpg,6.369294605809128,Sky,mid_score,val
394364,394364.jpg,5.890547263681592,Landscape,mid_score,val
63227,63227.jpg,4.863117870722434,Architecture,mid_score,val
518376,518376.jpg,5.592039800995025,Architecture,mid_score,val
36815,36815.jpg,4.945945945945946,Nature,mid_score,val
53119,53119.jpg,4.267080745341615,Architecture,mid_score,val
518799,518799.jpg,6.175257731958763,Architecture,mid_score,val
13765,13765.jpg,5.391705069124424,Landscape,mid_score,val
275288,275288.jpg,6.036036036036036,Nature,mid_score,val
441908,441908.jpg,5.638009049773756,Landscape,mid_score,val
211478,211478.jpg,4.200716845878136,Transportation,mid_score,val
50896,50896.jpg,5.086666666666667,Landscape,mid_score,val
658192,658192.jpg,5.542600896860987,Rural,mid_score,val
567963,567963.jpg,5.914027149321267,Nature,mid_score,val
438024,438024.jpg,6.742537313432836,Architecture,mid_score,val
56031,56031.jpg,5.950617283950617,Landscape,mid_score,val
505707,505707.jpg,5.752688172043011,Landscape,mid_score,val
22634,22634.jpg,5.466666666666667,Landscape,mid_score,val
499330,499330.jpg,6.029197080291971,Landscape,mid_score,val
601076,601076.jpg,5.574074074074074,Architecture,mid_score,val
296328,296328.jpg,4.084558823529412,Nature,mid_score,val
479454,479454.jpg,5.994974874371859,Sky,mid_score,val
141973,141973.jpg,5.367272727272727,Architecture,mid_score,val
60486,60486.jpg,4.63671875,Nature,mid_score,val
146608,146608.jpg,5.166666666666667,Architecture,mid_score,val
677450,677450.jpg,4.416666666666667,Nature,mid_score,val
263484,263484.jpg,5.166666666666667,Architecture,mid_score,val
674136,674136.jpg,5.113924050632911,Architecture,mid_score,val
430643,430643.jpg,5.376237623762377,Nature,mid_score,val
645599,645599.jpg,6.027472527472527,Landscape,mid_score,val
498800,498800.jpg,6.992700729927007,Landscape,mid_score,val
501271,501271.jpg,5.536585365853658,Landscape,mid_score,val
261371,261371.jpg,6.077192982456141,Landscape,mid_score,val
519995,519995.jpg,6.75,Landscape,mid_score,val
161181,161181.jpg,6.2473867595818815,Landscape,mid_score,val
165979,165979.jpg,4.72093023255814,Architecture,mid_score,val
2332,2332.jpg,6.327433628318584,Landscape,mid_score,val
195938,195938.jpg,5.6440677966101696,Landscape,mid_score,val
516842,516842.jpg,5.153153153153153,Architecture,mid_score,val
255306,255306.jpg,5.238532110091743,Landscape,mid_score,val
359280,359280.jpg,4.655813953488372,Landscape,mid_score,val
117327,117327.jpg,5.365145228215767,Nature,mid_score,val
109916,109916.jpg,4.601476014760148,Transportation,mid_score,val
218552,218552.jpg,5.474719101123595,Performance,mid_score,val
186716,186716.jpg,4.890410958904109,Landscape,mid_score,val
440467,440467.jpg,4.311881188118812,Nature,mid_score,val
315506,315506.jpg,5.0055555555555555,Landscape,mid_score,val
635010,635010.jpg,5.6929460580912865,Landscape,mid_score,val
393860,393860.jpg,5.7745098039215685,Nature,mid_score,val
58756,58756.jpg,5.346368715083799,Nature,mid_score,val
140335,140335.jpg,5.381443298969073,Travel,mid_score,val
212614,212614.jpg,5.757377049180328,Transportation,mid_score,val
377190,377190.jpg,5.07,Transportation,mid_score,val
260421,260421.jpg,4.63063063063063,Nature,mid_score,val
136159,136159.jpg,6.46448087431694,Sky,mid_score,val
304116,304116.jpg,5.095238095238095,Performance,mid_score,val
477042,477042.jpg,6.306451612903226,Landscape,mid_score,val
255268,255268.jpg,5.885496183206107,Nature,mid_score,val
514705,514705.jpg,6.963963963963964,Nature,mid_score,val
189171,189171.jpg,5.526143790849673,Nature,mid_score,val
624830,624830.jpg,5.335365853658536,Transportation,mid_score,val
523934,523934.jpg,5.166666666666667,Nature,mid_score,val
591690,591690.jpg,6.389908256880734,Landscape,mid_score,val
318954,318954.jpg,4.929347826086956,Landscape,mid_score,val
570246,570246.jpg,6.7988505747126435,Landscape,mid_score,val
14721,14721.jpg,5.7771739130434785,Architecture,mid_score,val
639936,639936.jpg,6.217171717171717,Architecture,mid_score,val
183202,183202.jpg,5.124031007751938,Sky,mid_score,val
461095,461095.jpg,5.951923076923077,Nature,mid_score,val
60377,60377.jpg,4.947565543071161,Nature,mid_score,val
668949,668949.jpg,5.782312925170068,Nature,mid_score,val
628450,628450.jpg,4.3963133640553,Landscape,mid_score,val
481085,481085.jpg,5.378787878787879,Landscape,mid_score,val
162454,162454.jpg,4.5928571428571425,Nature,mid_score,val
432854,432854.jpg,5.619791666666667,Landscape,mid_score,val
14945,14945.jpg,4.328125,Sky,mid_score,val
534937,534937.jpg,4.616438356164384,Travel,mid_score,val
294865,294865.jpg,6.651162790697675,Rural,mid_score,val
232443,232443.jpg,5.766839378238342,Architecture,mid_score,val
477416,477416.jpg,5.616279069767442,Landscape,mid_score,val
387247,387247.jpg,5.027667984189724,Sky,mid_score,val
148682,148682.jpg,5.955156950672646,Architecture,mid_score,val
272315,272315.jpg,5.933333333333334,Sky,mid_score,val
186843,186843.jpg,5.330097087378641,Landscape,mid_score,val
120833,120833.jpg,5.937777777777778,Transportation,mid_score,val
401687,401687.jpg,6.6512455516014235,Landscape,mid_score,val
290819,290819.jpg,6.230769230769231,Architecture,mid_score,val
379761,379761.jpg,5.0504731861198735,Performance,mid_score,val
60809,60809.jpg,5.270370370370371,Landscape,mid_score,val
596564,596564.jpg,5.5703125,Nature,mid_score,val
478815,478815.jpg,5.266009852216749,Nature,mid_score,val
593981,593981.jpg,6.079365079365079,Sky,mid_score,val
50674,50674.jpg,6.12751677852349,Nature,mid_score,val
389883,389883.jpg,5.3125,Nature,mid_score,val
48629,48629.jpg,4.67965367965368,Rural,mid_score,val
425572,425572.jpg,4.329004329004329,Landscape,mid_score,val
646960,646960.jpg,5.680365296803653,Landscape,mid_score,val
37134,37134.jpg,5.416107382550336,Landscape,mid_score,val
265319,265319.jpg,5.407035175879397,Rural,mid_score,val
60135,60135.jpg,5.599236641221374,Nature,mid_score,val
538025,538025.jpg,5.198529411764706,Architecture,mid_score,val
611522,611522.jpg,5.970760233918129,Nature,mid_score,val
231071,231071.jpg,6.022641509433963,Architecture,mid_score,val
427583,427583.jpg,6.2781456953642385,Nature,mid_score,val
582341,582341.jpg,5.770334928229665,Landscape,mid_score,val
585426,585426.jpg,5.609756097560975,Landscape,mid_score,val
395163,395163.jpg,5.2,Architecture,mid_score,val
178899,178899.jpg,4.687096774193549,Nature,mid_score,val
406048,406048.jpg,6.0,Performance,mid_score,val
18053,18053.jpg,5.5473251028806585,Landscape,mid_score,val
685076,685076.jpg,4.8062015503875966,Nature,mid_score,val
413199,413199.jpg,5.673728813559322,Landscape,mid_score,val
616728,616728.jpg,5.503703703703704,Landscape,mid_score,val
315013,315013.jpg,4.569767441860465,Nature,mid_score,val
226777,226777.jpg,5.188356164383562,Architecture,mid_score,val
359018,359018.jpg,5.253333333333333,Sky,mid_score,val
438170,438170.jpg,4.607655502392345,Nature,mid_score,val
415526,415526.jpg,5.330188679245283,Transportation,mid_score,val
577637,577637.jpg,5.573333333333333,Nature,mid_score,val
249337,249337.jpg,5.194915254237288,Nature,mid_score,val
203837,203837.jpg,5.022641509433963,Nature,mid_score,val
100874,100874.jpg,5.969879518072289,Nature,mid_score,val
600998,600998.jpg,5.813253012048193,Nature,mid_score,val
11719,11719.jpg,5.480392156862745,Nature,mid_score,val
147311,147311.jpg,6.648044692737431,Architecture,mid_score,val
5214,5214.jpg,5.566433566433567,Architecture,mid_score,val
524880,524880.jpg,6.372781065088757,Landscape,mid_score,val
256837,256837.jpg,5.479087452471483,Landscape,mid_score,val
658208,658208.jpg,4.3352272727272725,Nature,mid_score,val
62253,62253.jpg,6.2664092664092665,Nature,mid_score,val
504698,504698.jpg,5.774193548387097,Nature,mid_score,val
483634,483634.jpg,5.9526315789473685,Travel,mid_score,val
369293,369293.jpg,5.857142857142857,Nature,mid_score,val
211842,211842.jpg,5.239130434782608,Architecture,mid_score,val
316686,316686.jpg,5.638009049773756,Landscape,mid_score,val
185796,185796.jpg,5.45575221238938,Landscape,mid_score,val
692301,692301.jpg,5.158620689655172,Nature,mid_score,val
120228,120228.jpg,5.294117647058823,Nature,mid_score,val
365248,365248.jpg,5.3367697594501715,Nature,mid_score,val
42501,42501.jpg,4.8986175115207375,Landscape,mid_score,val
10241,10241.jpg,5.0256410256410255,Architecture,mid_score,val
61699,61699.jpg,6.351851851851852,Architecture,mid_score,val
402257,402257.jpg,5.483870967741935,Nature,mid_score,val
545864,545864.jpg,6.717948717948718,Nature,mid_score,val
44957,44957.jpg,5.3161764705882355,Nature,mid_score,val
142473,142473.jpg,4.164285714285715,Rural,mid_score,val
575179,575179.jpg,6.493055555555555,Landscape,mid_score,val
6177,6177.jpg,5.996551724137931,Landscape,mid_score,val
394245,394245.jpg,4.572916666666667,Nature,mid_score,val
420009,420009.jpg,5.806451612903226,Nature,mid_score,val
669112,669112.jpg,6.545977011494253,Nature,mid_score,val
66950,66950.jpg,5.259668508287293,Nature,mid_score,val
487792,487792.jpg,6.857142857142857,Nature,mid_score,val
500323,500323.jpg,5.562874251497006,Landscape,mid_score,val
303540,303540.jpg,5.759433962264151,Nature,mid_score,val
659141,659141.jpg,5.986547085201794,Landscape,mid_score,val
136116,136116.jpg,6.286118980169972,Sky,mid_score,val
486922,486922.jpg,6.837837837837838,Landscape,mid_score,val
499108,499108.jpg,5.547101449275362,Landscape,mid_score,val
101810,101810.jpg,5.390092879256966,Sky,mid_score,val
177970,177970.jpg,5.5358649789029535,Nature,mid_score,val
358618,358618.jpg,4.319634703196347,Travel,mid_score,val
476623,476623.jpg,5.651982378854625,Landscape,mid_score,val
192037,192037.jpg,5.517985611510792,Architecture,mid_score,val
497853,497853.jpg,6.0285714285714285,Nature,mid_score,val
51511,51511.jpg,5.798561151079137,Nature,mid_score,val
411267,411267.jpg,6.061855670103093,Nature,mid_score,val
265040,265040.jpg,4.497326203208556,Travel,mid_score,val
599983,599983.jpg,4.853146853146853,Nature,mid_score,val
55875,55875.jpg,4.085365853658536,Landscape,mid_score,val
481732,481732.jpg,5.703125,Travel,mid_score,val
399003,399003.jpg,4.490196078431373,Nature,mid_score,val
112062,112062.jpg,6.310861423220974,Transportation,mid_score,val
494776,494776.jpg,6.9352517985611515,Landscape,mid_score,val
314441,314441.jpg,5.766304347826087,Landscape,mid_score,val
373501,373501.jpg,5.387755102040816,Nature,mid_score,val
499056,499056.jpg,6.677536231884058,Landscape,mid_score,val
184020,184020.jpg,4.408783783783784,Nature,mid_score,val
487482,487482.jpg,6.076023391812866,Landscape,mid_score,val
36035,36035.jpg,5.113333333333333,Nature,mid_score,val
168416,168416.jpg,5.150406504065041,Landscape,mid_score,val
526976,526976.jpg,6.274647887323944,Nature,mid_score,val
141836,141836.jpg,4.921296296296297,Performance,mid_score,val
413944,413944.jpg,5.4063745019920315,Nature,mid_score,val
431397,431397.jpg,6.276381909547739,Nature,mid_score,val
488057,488057.jpg,5.030864197530864,Landscape,mid_score,val
475941,475941.jpg,6.88268156424581,Landscape,mid_score,val
49440,49440.jpg,5.1838235294117645,Architecture,mid_score,val
241651,241651.jpg,4.520618556701031,Landscape,mid_score,val
209349,209349.jpg,6.297491039426523,Transportation,mid_score,val
49439,49439.jpg,4.816326530612245,Nature,mid_score,val
250366,250366.jpg,5.391089108910891,Architecture,mid_score,val
365957,365957.jpg,6.204545454545454,Nature,mid_score,val
628727,628727.jpg,5.2052117263843645,Landscape,mid_score,val
559893,559893.jpg,4.478527607361963,Nature,mid_score,val
277058,277058.jpg,5.288018433179723,Landscape,mid_score,val
186009,186009.jpg,4.833333333333333,Nature,mid_score,val
44285,44285.jpg,5.590361445783133,Nature,mid_score,val
664660,664660.jpg,6.2362204724409445,Landscape,mid_score,val
668500,668500.jpg,6.15527950310559,Architecture,mid_score,val
524463,524463.jpg,5.767857142857143,Performance,mid_score,val
486,486.jpg,5.610738255033557,Performance,mid_score,val
419272,419272.jpg,4.155102040816327,Nature,mid_score,val
547386,547386.jpg,4.864864864864865,Landscape,mid_score,val
298308,298308.jpg,5.127208480565371,Nature,mid_score,val
424479,424479.jpg,5.394422310756972,Travel,mid_score,val
578769,578769.jpg,4.136645962732919,Sky,mid_score,val
603908,603908.jpg,4.921985815602837,Nature,mid_score,val
423933,423933.jpg,4.384615384615385,Nature,mid_score,val
197005,197005.jpg,5.351449275362318,Rural,mid_score,val
602294,602294.jpg,5.762962962962963,Nature,mid_score,val
446656,446656.jpg,6.784313725490196,Rural,mid_score,val
121196,121196.jpg,5.127090301003345,Rural,mid_score,val
611653,611653.jpg,4.915584415584416,Nature,mid_score,val
309307,309307.jpg,5.528301886792453,Architecture,mid_score,val
115281,115281.jpg,6.325,Transportation,mid_score,val
388721,388721.jpg,5.46606334841629,Sky,mid_score,val
293951,293951.jpg,4.742424242424242,Nature,mid_score,val
663740,663740.jpg,6.048543689320389,Architecture,mid_score,val
617773,617773.jpg,6.954545454545454,Landscape,mid_score,val
527551,527551.jpg,6.184049079754601,Sky,mid_score,val
432706,432706.jpg,5.47027027027027,Architecture,mid_score,val
18966,18966.jpg,4.541322314049586,Landscape,mid_score,val
271312,271312.jpg,5.4232209737827715,Nature,mid_score,val
412686,412686.jpg,4.379912663755459,Nature,mid_score,val
252202,252202.jpg,5.766990291262136,Nature,mid_score,val
287742,287742.jpg,4.367965367965368,Sky,mid_score,val
411137,411137.jpg,5.697115384615385,Nature,mid_score,val
121389,121389.jpg,5.7125,Rural,mid_score,val
372504,372504.jpg,4.8793969849246235,Rural,mid_score,val
196355,196355.jpg,4.385767790262173,Landscape,mid_score,val
584375,584375.jpg,5.6239316239316235,Performance,mid_score,val
603874,603874.jpg,5.774647887323944,Architecture,mid_score,val
472383,472383.jpg,5.933333333333334,Nature,mid_score,val
196011,196011.jpg,6.464730290456432,Architecture,mid_score,val
279644,279644.jpg,5.903002309468822,Travel,mid_score,val
634951,634951.jpg,6.233333333333333,Landscape,mid_score,val
212876,212876.jpg,5.355481727574751,Architecture,mid_score,val
147532,147532.jpg,5.261127596439169,Landscape,mid_score,val
629411,629411.jpg,5.564285714285714,Landscape,mid_score,val
458706,458706.jpg,5.375757575757576,Sky,mid_score,val
423150,423150.jpg,5.573863636363637,Landscape,mid_score,val
596660,596660.jpg,5.457142857142857,Nature,mid_score,val
510698,510698.jpg,5.5610859728506785,Architecture,mid_score,val
159698,159698.jpg,5.4051282051282055,Architecture,mid_score,val
25420,25420.jpg,5.26431718061674,Rural,mid_score,val
504662,504662.jpg,4.511363636363637,Nature,mid_score,val
110378,110378.jpg,5.681481481481481,Nature,mid_score,val
433171,433171.jpg,5.706666666666667,Sky,mid_score,val
623563,623563.jpg,5.183246073298429,Landscape,mid_score,val
598153,598153.jpg,5.478260869565218,Nature,mid_score,val
165818,165818.jpg,5.140522875816994,Architecture,mid_score,val
561010,561010.jpg,5.934782608695652,Travel,mid_score,val
383910,383910.jpg,6.029940119760479,Landscape,mid_score,val
552491,552491.jpg,4.423469387755102,Sky,mid_score,val
251961,251961.jpg,6.263358778625954,Landscape,mid_score,val
522970,522970.jpg,5.6,Nature,mid_score,val
279271,279271.jpg,5.397350993377484,Nature,mid_score,val
45104,45104.jpg,6.9772727272727275,Landscape,mid_score,val
676083,676083.jpg,6.317880794701987,Transportation,mid_score,val
263532,263532.jpg,6.4944649446494465,Landscape,mid_score,val
442742,442742.jpg,5.753488372093023,Performance,mid_score,val
138829,138829.jpg,5.158450704225352,Architecture,mid_score,val
625068,625068.jpg,5.974683544303797,Landscape,mid_score,val
275085,275085.jpg,5.42512077294686,Architecture,mid_score,val
101768,101768.jpg,6.195121951219512,Rural,mid_score,val
602105,602105.jpg,6.595041322314049,Travel,mid_score,val
377414,377414.jpg,5.806451612903226,Landscape,mid_score,val
67657,67657.jpg,5.634408602150538,Nature,mid_score,val
501890,501890.jpg,6.320754716981132,Performance,mid_score,val
663762,663762.jpg,5.553299492385787,Architecture,mid_score,val
31841,31841.jpg,5.3652173913043475,Architecture,mid_score,val
418280,418280.jpg,5.2592592592592595,Nature,mid_score,val
164259,164259.jpg,4.811258278145695,Architecture,mid_score,val
377314,377314.jpg,4.79295154185022,Transportation,mid_score,val
362181,362181.jpg,5.179347826086956,Landscape,mid_score,val
640759,640759.jpg,6.219178082191781,Nature,mid_score,val
627760,627760.jpg,5.349112426035503,Landscape,mid_score,val
477466,477466.jpg,4.758823529411765,Nature,mid_score,val
651807,651807.jpg,5.4907407407407405,Nature,mid_score,val
633533,633533.jpg,5.525862068965517,Landscape,mid_score,val
166460,166460.jpg,5.654471544715447,Landscape,mid_score,val
37313,37313.jpg,4.741784037558685,Nature,mid_score,val
11129,11129.jpg,5.875,Sky,mid_score,val
285661,285661.jpg,5.236526946107785,Nature,mid_score,val
568741,568741.jpg,4.206896551724138,Nature,mid_score,val
419105,419105.jpg,6.185792349726776,Landscape,mid_score,val
286402,286402.jpg,4.850515463917525,Landscape,mid_score,val
17924,17924.jpg,4.766233766233766,Landscape,mid_score,val
101844,101844.jpg,4.813664596273292,Nature,mid_score,val
579975,579975.jpg,5.946078431372549,Sky,mid_score,val
163683,163683.jpg,6.291228070175438,Architecture,mid_score,val
361663,361663.jpg,6.022421524663677,Transportation,mid_score,val
105066,105066.jpg,5.878306878306878,Landscape,mid_score,val
22008,22008.jpg,5.438356164383562,Performance,mid_score,val
260523,260523.jpg,5.227678571428571,Nature,mid_score,val
61091,61091.jpg,4.484962406015038,Architecture,mid_score,val
449139,449139.jpg,5.04029304029304,Nature,mid_score,val
63080,63080.jpg,5.465587044534413,Landscape,mid_score,val
305683,305683.jpg,5.278969957081545,Architecture,mid_score,val
542774,542774.jpg,4.6640625,Nature,mid_score,val
509207,509207.jpg,6.295620437956204,Performance,mid_score,val
520980,520980.jpg,4.76,Landscape,mid_score,val
298052,298052.jpg,5.308724832214765,Landscape,mid_score,val
194049,194049.jpg,4.404255319148936,Transportation,mid_score,val
63535,63535.jpg,4.966165413533835,Nature,mid_score,val
64228,64228.jpg,5.129151291512915,Architecture,mid_score,val
245842,245842.jpg,5.137931034482759,Architecture,mid_score,val
263419,263419.jpg,5.619565217391305,Landscape,mid_score,val
381952,381952.jpg,6.465437788018433,Performance,mid_score,val
120031,120031.jpg,5.421364985163205,Transportation,mid_score,val
375799,375799.jpg,5.048387096774194,Sky,mid_score,val
451152,451152.jpg,5.9510086455331415,Sky,mid_score,val
546733,546733.jpg,5.753246753246753,Landscape,mid_score,val
101468,101468.jpg,4.9185667752443,Nature,mid_score,val
236117,236117.jpg,4.41871921182266,Nature,mid_score,val
645567,645567.jpg,4.848648648648648,Nature,mid_score,val
523742,523742.jpg,6.0048076923076925,Nature,mid_score,val
54520,54520.jpg,4.468085106382978,Architecture,mid_score,val
58892,58892.jpg,5.594594594594595,Nature,mid_score,val
415380,415380.jpg,5.656370656370656,Nature,mid_score,val
159160,159160.jpg,5.03971119133574,Sky,mid_score,val
673495,673495.jpg,6.062857142857143,Architecture,mid_score,val
205563,205563.jpg,5.201438848920863,Nature,mid_score,val
215189,215189.jpg,5.398625429553265,Rural,mid_score,val
607218,607218.jpg,4.614678899082569,Landscape,mid_score,val
212950,212950.jpg,5.419928825622776,Sky,mid_score,val
673517,673517.jpg,5.08092485549133,Performance,mid_score,val
522174,522174.jpg,6.303571428571429,Nature,mid_score,val
599250,599250.jpg,6.208053691275167,Nature,mid_score,val
668999,668999.jpg,6.680473372781065,Nature,mid_score,val
568935,568935.jpg,4.7254901960784315,Landscape,mid_score,val
298878,298878.jpg,6.318936877076412,Landscape,mid_score,val
291752,291752.jpg,6.281609195402299,Nature,mid_score,val
415078,415078.jpg,4.059523809523809,Sky,mid_score,val
260801,260801.jpg,4.793859649122807,Architecture,mid_score,val
251671,251671.jpg,5.330143540669856,Rural,mid_score,val
309558,309558.jpg,4.488372093023256,Performance,mid_score,val
26110,26110.jpg,5.159090909090909,Landscape,mid_score,val
387413,387413.jpg,5.027322404371585,Sky,mid_score,val
402746,402746.jpg,5.0212765957446805,Nature,mid_score,val
451341,451341.jpg,5.97093023255814,Landscape,mid_score,val
432099,432099.jpg,6.505050505050505,Nature,mid_score,val
217453,217453.jpg,4.6019736842105265,Landscape,mid_score,val
160744,160744.jpg,5.3244147157190636,Performance,mid_score,val
596991,596991.jpg,5.271523178807947,Nature,mid_score,val
163199,163199.jpg,5.04,Landscape,mid_score,val
405122,405122.jpg,5.751412429378531,Nature,mid_score,val
537866,537866.jpg,5.985714285714286,Landscape,mid_score,val
218077,218077.jpg,5.219672131147541,Sky,mid_score,val
627458,627458.jpg,4.478527607361963,Landscape,mid_score,val
465645,465645.jpg,5.846938775510204,Performance,mid_score,val
363711,363711.jpg,5.803986710963455,Landscape,mid_score,val
233349,233349.jpg,5.341968911917099,Transportation,mid_score,val
231059,231059.jpg,4.807272727272728,Nature,mid_score,val
578515,578515.jpg,6.722488038277512,Landscape,mid_score,val
420215,420215.jpg,5.009174311926605,Sky,mid_score,val
197343,197343.jpg,4.4640287769784175,Landscape,mid_score,val
396797,396797.jpg,4.377659574468085,Nature,mid_score,val
185530,185530.jpg,5.526845637583893,Architecture,mid_score,val
106176,106176.jpg,4.802158273381295,Nature,mid_score,val
444194,444194.jpg,5.386740331491713,Landscape,mid_score,val
691607,691607.jpg,4.752032520325203,Nature,mid_score,val
279102,279102.jpg,5.752542372881356,Sky,mid_score,val
26224,26224.jpg,5.238938053097345,Landscape,mid_score,val
230131,230131.jpg,5.709342560553633,Nature,mid_score,val
245903,245903.jpg,5.413669064748201,Architecture,mid_score,val
51838,51838.jpg,5.674876847290641,Architecture,mid_score,val
115317,115317.jpg,5.01980198019802,Landscape,mid_score,val
206257,206257.jpg,4.686792452830189,Nature,mid_score,val
487776,487776.jpg,4.089655172413793,Travel,mid_score,val
36410,36410.jpg,5.677852348993288,Nature,mid_score,val
175695,175695.jpg,4.102409638554217,Rural,mid_score,val
136942,136942.jpg,4.086206896551724,Architecture,mid_score,val
60482,60482.jpg,5.886524822695035,Nature,mid_score,val
164941,164941.jpg,5.663865546218488,Landscape,mid_score,val
239257,239257.jpg,6.596774193548387,Architecture,mid_score,val
226335,226335.jpg,4.651567944250871,Nature,mid_score,val
571908,571908.jpg,4.679425837320574,Landscape,mid_score,val
691577,691577.jpg,4.372384937238493,Nature,mid_score,val
397791,397791.jpg,6.094444444444444,Landscape,mid_score,val
41185,41185.jpg,5.6204081632653065,Architecture,mid_score,val
237588,237588.jpg,5.097701149425287,Rural,mid_score,val
256214,256214.jpg,5.6571428571428575,Rural,mid_score,val
24426,24426.jpg,5.381147540983607,Landscape,mid_score,val
185957,185957.jpg,5.086580086580087,Landscape,mid_score,val
645561,645561.jpg,5.0942408376963355,Landscape,mid_score,val
117311,117311.jpg,5.177489177489178,Landscape,mid_score,val
147026,147026.jpg,5.757309941520468,Sky,mid_score,val
402078,402078.jpg,6.670588235294118,Nature,mid_score,val
394476,394476.jpg,6.129353233830845,Landscape,mid_score,val
246260,246260.jpg,5.141263940520446,Landscape,mid_score,val
62590,62590.jpg,5.075098814229249,Sky,mid_score,val
208596,208596.jpg,5.636363636363637,Architecture,mid_score,val
362526,362526.jpg,5.621495327102804,Rural,mid_score,val
537988,537988.jpg,5.373239436619718,Architecture,mid_score,val
416124,416124.jpg,4.892441860465116,Rural,mid_score,val
481953,481953.jpg,5.823943661971831,Transportation,mid_score,val
160474,160474.jpg,6.609523809523809,Architecture,mid_score,val
314648,314648.jpg,6.427807486631016,Landscape,mid_score,val
255580,255580.jpg,5.333333333333333,Landscape,mid_score,val
544575,544575.jpg,6.026086956521739,Nature,mid_score,val
445939,445939.jpg,4.1084905660377355,Sky,mid_score,val
26274,26274.jpg,4.969465648854962,Nature,mid_score,val
245615,245615.jpg,5.541125541125541,Architecture,mid_score,val
26108,26108.jpg,4.869955156950673,Rural,mid_score,val
377160,377160.jpg,5.983935742971887,Rural,mid_score,val
251389,251389.jpg,5.931818181818182,Landscape,mid_score,val
192443,192443.jpg,4.632302405498282,Performance,mid_score,val
373870,373870.jpg,6.299492385786802,Rural,mid_score,val
571361,571361.jpg,5.4511627906976745,Architecture,mid_score,val
432520,432520.jpg,5.2988505747126435,Landscape,mid_score,val
103052,103052.jpg,6.2388059701492535,Landscape,mid_score,val
672802,672802.jpg,6.401459854014599,Landscape,mid_score,val
596687,596687.jpg,5.771844660194175,Nature,mid_score,val
298164,298164.jpg,5.60573476702509,Architecture,mid_score,val
446644,446644.jpg,4.818181818181818,Rural,mid_score,val
51468,51468.jpg,6.324742268041237,Nature,mid_score,val
668719,668719.jpg,6.482142857142857,Landscape,mid_score,val
358579,358579.jpg,4.9363636363636365,Rural,mid_score,val
405863,405863.jpg,5.601123595505618,Sky,mid_score,val
364542,364542.jpg,5.421296296296297,Transportation,mid_score,val
100493,100493.jpg,5.546875,Landscape,mid_score,val
147745,147745.jpg,5.589861751152074,Nature,mid_score,val
512753,512753.jpg,5.536480686695279,Landscape,mid_score,val
275996,275996.jpg,4.759124087591241,Performance,mid_score,val
182852,182852.jpg,5.25,Transportation,mid_score,val
472087,472087.jpg,6.438202247191011,Sky,mid_score,val
488883,488883.jpg,4.841772151898734,Landscape,mid_score,val
458252,458252.jpg,6.181286549707602,Nature,mid_score,val
446246,446246.jpg,4.72020725388601,Nature,mid_score,val
11249,11249.jpg,6.206896551724138,Sky,mid_score,val
18630,18630.jpg,4.492647058823529,Nature,mid_score,val
512900,512900.jpg,6.783783783783784,Landscape,mid_score,val
21830,21830.jpg,5.389380530973451,Nature,mid_score,val
403182,403182.jpg,4.801104972375691,Landscape,mid_score,val
118691,118691.jpg,6.161616161616162,Nature,mid_score,val
110152,110152.jpg,4.725563909774436,Nature,mid_score,val
624767,624767.jpg,5.0875,Architecture,mid_score,val
17855,17855.jpg,5.629464285714286,Nature,mid_score,val
210763,210763.jpg,5.921052631578948,Landscape,mid_score,val
504230,504230.jpg,5.44811320754717,Nature,mid_score,val
371273,371273.jpg,4.223404255319149,Architecture,mid_score,val
303420,303420.jpg,5.074766355140187,Architecture,mid_score,val
428436,428436.jpg,5.451219512195122,Architecture,mid_score,val
59884,59884.jpg,5.785276073619632,Sky,mid_score,val
414844,414844.jpg,6.198924731182796,Nature,mid_score,val
30886,30886.jpg,4.240343347639485,Landscape,mid_score,val
22646,22646.jpg,5.878048780487805,Architecture,mid_score,val
44426,44426.jpg,4.309623430962343,Architecture,mid_score,val
412030,412030.jpg,5.321739130434783,Nature,mid_score,val
208938,208938.jpg,5.127906976744186,Rural,mid_score,val
294955,294955.jpg,5.438679245283019,Rural,mid_score,val
186756,186756.jpg,5.901315789473684,Rural,mid_score,val
415186,415186.jpg,6.088785046728972,Transportation,mid_score,val
394025,394025.jpg,6.607843137254902,Landscape,mid_score,val
223243,223243.jpg,5.203252032520325,Transportation,mid_score,val
664737,664737.jpg,6.545454545454546,Landscape,mid_score,val
578111,578111.jpg,5.873684210526315,Transportation,mid_score,val
142710,142710.jpg,4.743243243243243,Landscape,mid_score,val
241667,241667.jpg,6.109523809523809,Nature,mid_score,val
206387,206387.jpg,5.563218390804598,Nature,mid_score,val
256853,256853.jpg,5.569230769230769,Landscape,mid_score,val
364361,364361.jpg,5.927884615384615,Architecture,mid_score,val
662587,662587.jpg,6.86013986013986,Nature,mid_score,val
226537,226537.jpg,4.987654320987654,Nature,mid_score,val
603368,603368.jpg,6.066666666666666,Nature,mid_score,val
563569,563569.jpg,6.5703125,Nature,mid_score,val
466418,466418.jpg,4.6,Landscape,mid_score,val
274680,274680.jpg,6.695238095238095,Landscape,mid_score,val
680406,680406.jpg,4.8471337579617835,Rural,mid_score,val
475410,475410.jpg,5.920353982300885,Nature,mid_score,val
521414,521414.jpg,6.027522935779817,Nature,mid_score,val
185905,185905.jpg,5.0091324200913245,Landscape,mid_score,val
505636,505636.jpg,5.824858757062147,Travel,mid_score,val
265382,265382.jpg,5.423469387755102,Landscape,mid_score,val
430449,430449.jpg,5.231958762886598,Landscape,mid_score,val
261824,261824.jpg,4.544401544401544,Landscape,mid_score,val
180887,180887.jpg,5.429268292682927,Landscape,mid_score,val
442102,442102.jpg,6.416666666666667,Nature,mid_score,val
52985,52985.jpg,7.291866028708134,Landscape,high_score,train
426491,426491.jpg,7.645695364238411,Rural,high_score,train
494756,494756.jpg,7.146892655367232,Nature,high_score,train
272399,272399.jpg,7.1371681415929205,Nature,high_score,train
633779,633779.jpg,7.225806451612903,Landscape,high_score,train
115482,115482.jpg,7.421259842519685,Landscape,high_score,train
544412,544412.jpg,7.1,Landscape,high_score,train
584492,584492.jpg,7.077519379844961,Landscape,high_score,train
421390,421390.jpg,7.093922651933702,Landscape,high_score,train
169135,169135.jpg,7.490813648293964,Nature,high_score,train
277680,277680.jpg,7.403050108932462,Landscape,high_score,train
2329,2329.jpg,7.111587982832618,Nature,high_score,train
236999,236999.jpg,7.031674208144796,Sky,high_score,train
213464,213464.jpg,7.493243243243243,Nature,high_score,train
278637,278637.jpg,7.179347826086956,Landscape,high_score,train
192870,192870.jpg,7.8881578947368425,Architecture,high_score,train
100397,100397.jpg,7.048571428571429,Landscape,high_score,train
456002,456002.jpg,7.020161290322581,Nature,high_score,train
218382,218382.jpg,7.083557951482479,Performance,high_score,train
210874,210874.jpg,7.39647577092511,Architecture,high_score,train
662679,662679.jpg,7.018987341772152,Nature,high_score,train
18715,18715.jpg,7.141843971631205,Nature,high_score,train
432784,432784.jpg,7.115755627009646,Landscape,high_score,train
620881,620881.jpg,7.550218340611353,Transportation,high_score,train
387871,387871.jpg,7.003703703703704,Nature,high_score,train
677533,677533.jpg,7.178807947019868,Architecture,high_score,train
147178,147178.jpg,7.458579881656805,Architecture,high_score,train
10534,10534.jpg,7.2843601895734595,Sky,high_score,train
312075,312075.jpg,7.164021164021164,Nature,high_score,train
233039,233039.jpg,7.314009661835748,Nature,high_score,train
571477,571477.jpg,7.175675675675675,Landscape,high_score,train
660129,660129.jpg,7.296482412060302,Architecture,high_score,train
16763,16763.jpg,7.12280701754386,Nature,high_score,train
17625,17625.jpg,7.567796610169491,Landscape,high_score,train
678567,678567.jpg,7.071428571428571,Nature,high_score,train
428492,428492.jpg,7.5095238095238095,Landscape,high_score,train
476656,476656.jpg,8.0,Landscape,high_score,train
6015,6015.jpg,7.475247524752476,Landscape,high_score,train
476043,476043.jpg,7.195020746887967,Landscape,high_score,train
455658,455658.jpg,8.250996015936256,Nature,high_score,train
217450,217450.jpg,7.196141479099678,Nature,high_score,train
524857,524857.jpg,7.037234042553192,Travel,high_score,train
497893,497893.jpg,7.076190476190476,Nature,high_score,train
625534,625534.jpg,7.27683615819209,Nature,high_score,train
404498,404498.jpg,7.7701149425287355,Landscape,high_score,train
447683,447683.jpg,7.168539325842697,Travel,high_score,train
420607,420607.jpg,7.440191387559809,Rural,high_score,train
178572,178572.jpg,7.7215189873417724,Nature,high_score,train
563960,563960.jpg,7.365671641791045,Landscape,high_score,train
595948,595948.jpg,7.040268456375839,Sky,high_score,train
120752,120752.jpg,7.357954545454546,Nature,high_score,train
599451,599451.jpg,7.123287671232877,Nature,high_score,train
591736,591736.jpg,7.439461883408072,Rural,high_score,train
449372,449372.jpg,7.048710601719198,Architecture,high_score,train
430166,430166.jpg,7.293103448275862,Nature,high_score,train
462996,462996.jpg,7.265384615384615,Landscape,high_score,train
640852,640852.jpg,7.1020408163265305,Landscape,high_score,train
680742,680742.jpg,7.071428571428571,Landscape,high_score,train
660449,660449.jpg,7.003460207612457,Nature,high_score,train
65700,65700.jpg,7.2287234042553195,Sky,high_score,train
53986,53986.jpg,7.167567567567567,Landscape,high_score,train
223947,223947.jpg,7.117647058823529,Landscape,high_score,train
440037,440037.jpg,7.1371681415929205,Landscape,high_score,train
604358,604358.jpg,7.056410256410256,Nature,high_score,train
102812,102812.jpg,7.018018018018018,Landscape,high_score,train
281896,281896.jpg,7.98744769874477,Landscape,high_score,train
474234,474234.jpg,7.2478991596638656,Architecture,high_score,train
11033,11033.jpg,7.193965517241379,Landscape,high_score,train
687839,687839.jpg,7.101694915254237,Landscape,high_score,train
177263,177263.jpg,7.122362869198312,Sky,high_score,train
10160,10160.jpg,7.060301507537688,Landscape,high_score,train
579827,579827.jpg,7.108108108108108,Landscape,high_score,train
684485,684485.jpg,7.1745635910224435,Sky,high_score,train
498122,498122.jpg,7.759856630824372,Landscape,high_score,train
268348,268348.jpg,7.294594594594595,Nature,high_score,train
420602,420602.jpg,7.137055837563452,Landscape,high_score,train
394412,394412.jpg,7.052884615384615,Landscape,high_score,train
18680,18680.jpg,7.326086956521739,Nature,high_score,train
518399,518399.jpg,7.030837004405286,Landscape,high_score,train
17742,17742.jpg,7.033755274261603,Nature,high_score,train
284948,284948.jpg,7.332361516034985,Nature,high_score,train
263034,263034.jpg,7.075085324232082,Landscape,high_score,train
418521,418521.jpg,7.579591836734694,Nature,high_score,train
428974,428974.jpg,7.074418604651163,Architecture,high_score,train
103788,103788.jpg,7.873449131513648,Sky,high_score,train
262628,262628.jpg,7.472222222222222,Landscape,high_score,train
441655,441655.jpg,7.021551724137931,Architecture,high_score,train
525036,525036.jpg,7.047904191616767,Landscape,high_score,train
280555,280555.jpg,7.106529209621993,Landscape,high_score,train
13794,13794.jpg,7.224770642201835,Architecture,high_score,train
442690,442690.jpg,7.145922746781116,Transportation,high_score,train
445363,445363.jpg,7.565022421524664,Sky,high_score,train
629757,629757.jpg,7.1916932907348246,Travel,high_score,train
275197,275197.jpg,7.0699774266365685,Travel,high_score,train
233106,233106.jpg,7.014925373134329,Performance,high_score,train
661723,661723.jpg,7.337837837837838,Nature,high_score,train
303019,303019.jpg,7.574766355140187,Nature,high_score,train
600119,600119.jpg,7.8544303797468356,Nature,high_score,train
560317,560317.jpg,7.506622516556291,Performance,high_score,train
183085,183085.jpg,7.3023255813953485,Landscape,high_score,train
54032,54032.jpg,7.364806866952789,Landscape,high_score,train
568343,568343.jpg,7.271889400921659,Landscape,high_score,train
284703,284703.jpg,7.7835616438356166,Nature,high_score,train
595365,595365.jpg,7.317972350230415,Nature,high_score,train
383713,383713.jpg,7.312,Nature,high_score,train
619411,619411.jpg,7.5606060606060606,Sky,high_score,train
682075,682075.jpg,7.146739130434782,Transportation,high_score,train
647210,647210.jpg,7.058333333333334,Nature,high_score,train
490456,490456.jpg,7.109195402298851,Nature,high_score,train
159229,159229.jpg,7.086538461538462,Sky,high_score,train
18386,18386.jpg,7.0285714285714285,Nature,high_score,train
243799,243799.jpg,7.375,Travel,high_score,train
494261,494261.jpg,7.339416058394161,Architecture,high_score,train
626327,626327.jpg,7.265895953757226,Landscape,high_score,train
691917,691917.jpg,7.185185185185185,Architecture,high_score,train
314628,314628.jpg,7.304812834224599,Nature,high_score,train
44619,44619.jpg,7.5038167938931295,Landscape,high_score,train
24606,24606.jpg,7.047244094488189,Performance,high_score,train
19064,19064.jpg,7.235772357723577,Landscape,high_score,train
243153,243153.jpg,7.453271028037383,Landscape,high_score,train
43053,43053.jpg,7.111587982832618,Landscape,high_score,train
425706,425706.jpg,7.098765432098766,Nature,high_score,train
196210,196210.jpg,7.004237288135593,Architecture,high_score,train
17921,17921.jpg,7.270491803278689,Sky,high_score,train
606150,606150.jpg,7.099236641221374,Performance,high_score,train
618196,618196.jpg,7.037735849056604,Nature,high_score,train
246709,246709.jpg,7.514851485148514,Rural,high_score,train
456309,456309.jpg,7.129411764705883,Nature,high_score,train
115846,115846.jpg,7.015686274509804,Sky,high_score,train
20411,20411.jpg,7.0396825396825395,Architecture,high_score,train
523519,523519.jpg,7.129032258064516,Architecture,high_score,train
290155,290155.jpg,7.081196581196581,Nature,high_score,train
438709,438709.jpg,7.0187265917602994,Landscape,high_score,train
690397,690397.jpg,7.478527607361963,Landscape,high_score,train
205359,205359.jpg,7.230088495575221,Nature,high_score,train
546661,546661.jpg,7.106194690265487,Nature,high_score,train
18526,18526.jpg,7.202334630350195,Nature,high_score,train
451138,451138.jpg,7.1,Landscape,high_score,train
541800,541800.jpg,7.026595744680851,Sky,high_score,train
18556,18556.jpg,7.5625,Nature,high_score,train
618334,618334.jpg,7.253012048192771,Landscape,high_score,train
11653,11653.jpg,7.297872340425532,Architecture,high_score,train
286141,286141.jpg,7.208121827411167,Nature,high_score,train
63735,63735.jpg,7.16,Architecture,high_score,train
685351,685351.jpg,7.349009900990099,Landscape,high_score,train
499112,499112.jpg,7.343173431734317,Landscape,high_score,train
25653,25653.jpg,7.211678832116788,Performance,high_score,train
26884,26884.jpg,7.1893939393939394,Nature,high_score,train
25881,25881.jpg,7.211678832116788,Performance,high_score,train
469377,469377.jpg,7.321637426900585,Travel,high_score,train
161508,161508.jpg,7.036437246963563,Nature,high_score,train
268883,268883.jpg,7.246648793565684,Sky,high_score,train
284420,284420.jpg,7.954545454545454,Nature,high_score,train
420407,420407.jpg,7.1946902654867255,Landscape,high_score,train
624979,624979.jpg,7.060975609756097,Architecture,high_score,train
445183,445183.jpg,7.822510822510822,Sky,high_score,train
521321,521321.jpg,7.13125,Landscape,high_score,train
200444,200444.jpg,7.229508196721311,Architecture,high_score,train
420121,420121.jpg,7.044554455445544,Landscape,high_score,train
317287,317287.jpg,7.216783216783217,Nature,high_score,train
602540,602540.jpg,7.025,Landscape,high_score,train
4406,4406.jpg,7.114068441064639,Nature,high_score,train
50872,50872.jpg,7.544303797468355,Landscape,high_score,train
55790,55790.jpg,7.199095022624435,Rural,high_score,train
588036,588036.jpg,7.405063291139241,Nature,high_score,train
474856,474856.jpg,7.145161290322581,Sky,high_score,train
444966,444966.jpg,7.078703703703703,Nature,high_score,train
307726,307726.jpg,7.042857142857143,Architecture,high_score,train
385155,385155.jpg,7.308550185873606,Sky,high_score,train
251838,251838.jpg,7.397849462365591,Landscape,high_score,train
692795,692795.jpg,7.373333333333333,Landscape,high_score,train
253499,253499.jpg,7.21860465116279,Nature,high_score,train
113652,113652.jpg,7.3304347826086955,Landscape,high_score,train
438722,438722.jpg,7.040590405904059,Landscape,high_score,train
543138,543138.jpg,7.078740157480315,Landscape,high_score,train
613913,613913.jpg,7.885542168674699,Nature,high_score,train
606757,606757.jpg,7.595238095238095,Landscape,high_score,train
298548,298548.jpg,7.148514851485149,Landscape,high_score,train
474414,474414.jpg,7.311377245508982,Performance,high_score,train
576167,576167.jpg,7.046357615894039,Landscape,high_score,train
136944,136944.jpg,7.230366492146596,Architecture,high_score,train
634462,634462.jpg,7.025210084033613,Nature,high_score,train
14434,14434.jpg,7.055,Architecture,high_score,train
188918,188918.jpg,7.1722846441947565,Nature,high_score,train
5516,5516.jpg,7.421818181818182,Sky,high_score,train
625550,625550.jpg,7.267045454545454,Nature,high_score,train
52544,52544.jpg,7.699453551912568,Nature,high_score,train
660634,660634.jpg,7.21078431372549,Architecture,high_score,train
375848,375848.jpg,7.207171314741036,Sky,high_score,train
632495,632495.jpg,7.050251256281407,Landscape,high_score,train
16630,16630.jpg,7.248803827751196,Landscape,high_score,train
546230,546230.jpg,7.2265625,Landscape,high_score,train
569261,569261.jpg,7.358851674641149,Nature,high_score,train
244395,244395.jpg,7.104377104377105,Landscape,high_score,train
24639,24639.jpg,7.5210084033613445,Nature,high_score,train
210559,210559.jpg,7.153191489361702,Architecture,high_score,train
555045,555045.jpg,7.033333333333333,Nature,high_score,train
580683,580683.jpg,7.414285714285715,Transportation,high_score,train
398283,398283.jpg,7.301587301587301,Sky,high_score,train
391026,391026.jpg,7.014778325123153,Landscape,high_score,train
631552,631552.jpg,7.345177664974619,Landscape,high_score,train
277676,277676.jpg,7.673202614379085,Landscape,high_score,train
364081,364081.jpg,7.3076923076923075,Landscape,high_score,train
556763,556763.jpg,7.679389312977099,Landscape,high_score,train
446328,446328.jpg,7.217712177121771,Landscape,high_score,train
67412,67412.jpg,7.057591623036649,Nature,high_score,train
403792,403792.jpg,7.212435233160622,Nature,high_score,train
424173,424173.jpg,7.27536231884058,Landscape,high_score,train
606590,606590.jpg,7.353383458646617,Landscape,high_score,train
112357,112357.jpg,7.366379310344827,Landscape,high_score,train
631246,631246.jpg,7.140776699029126,Landscape,high_score,train
60459,60459.jpg,7.136904761904762,Landscape,high_score,train
421039,421039.jpg,7.7094017094017095,Landscape,high_score,train
543430,543430.jpg,7.16,Landscape,high_score,train
101995,101995.jpg,7.296296296296297,Landscape,high_score,train
113167,113167.jpg,7.357446808510638,Architecture,high_score,train
456511,456511.jpg,7.599206349206349,Landscape,high_score,train
373504,373504.jpg,7.140151515151516,Sky,high_score,train
579927,579927.jpg,7.193548387096774,Sky,high_score,train
101520,101520.jpg,7.172727272727273,Landscape,high_score,train
544418,544418.jpg,7.166666666666667,Nature,high_score,train
692473,692473.jpg,7.00990099009901,Landscape,high_score,train
417472,417472.jpg,7.0,Landscape,high_score,train
216104,216104.jpg,7.5266457680250785,Landscape,high_score,train
236033,236033.jpg,7.502262443438914,Landscape,high_score,train
287072,287072.jpg,7.110497237569061,Nature,high_score,train
496073,496073.jpg,7.23021582733813,Architecture,high_score,train
204073,204073.jpg,7.222222222222222,Nature,high_score,train
44318,44318.jpg,7.21875,Landscape,high_score,train
102676,102676.jpg,7.061320754716981,Travel,high_score,train
22680,22680.jpg,7.095238095238095,Nature,high_score,train
28672,28672.jpg,7.023584905660377,Nature,high_score,train
310071,310071.jpg,7.586734693877551,Architecture,high_score,train
570072,570072.jpg,7.419753086419753,Landscape,high_score,train
10045,10045.jpg,7.340425531914893,Nature,high_score,train
12118,12118.jpg,7.233644859813084,Landscape,high_score,train
55807,55807.jpg,7.334862385321101,Nature,high_score,train
616334,616334.jpg,7.520833333333333,Landscape,high_score,train
450814,450814.jpg,7.325905292479109,Landscape,high_score,train
411332,411332.jpg,7.016949152542373,Nature,high_score,train
54599,54599.jpg,8.296296296296296,Landscape,high_score,train
229120,229120.jpg,7.48172757475083,Architecture,high_score,train
611460,611460.jpg,7.0476190476190474,Performance,high_score,train
26098,26098.jpg,7.214592274678112,Landscape,high_score,train
473721,473721.jpg,7.027472527472527,Landscape,high_score,train
24950,24950.jpg,7.0546875,Landscape,high_score,train
675763,675763.jpg,7.087719298245614,Landscape,high_score,train
640398,640398.jpg,7.136986301369863,Sky,high_score,train
276970,276970.jpg,7.28110599078341,Landscape,high_score,train
278763,278763.jpg,7.214659685863874,Landscape,high_score,train
277621,277621.jpg,7.438444924406047,Nature,high_score,train
616526,616526.jpg,7.034013605442177,Landscape,high_score,train
497256,497256.jpg,7.543269230769231,Nature,high_score,train
55530,55530.jpg,7.411764705882353,Architecture,high_score,train
239305,239305.jpg,7.032786885245901,Landscape,high_score,train
591228,591228.jpg,7.015503875968992,Nature,high_score,train
308245,308245.jpg,7.004739336492891,Landscape,high_score,train
636741,636741.jpg,7.032,Architecture,high_score,train
489199,489199.jpg,7.08092485549133,Landscape,high_score,train
633996,633996.jpg,7.302127659574468,Landscape,high_score,train
448209,448209.jpg,7.224431818181818,Nature,high_score,train
602868,602868.jpg,7.51207729468599,Nature,high_score,train
456469,456469.jpg,7.343558282208589,Landscape,high_score,train
121324,121324.jpg,7.086455331412104,Nature,high_score,train
39404,39404.jpg,7.0508474576271185,Sky,high_score,train
659530,659530.jpg,7.3562753036437245,Landscape,high_score,train
585034,585034.jpg,7.314465408805032,Nature,high_score,train
423658,423658.jpg,7.151960784313726,Nature,high_score,train
50611,50611.jpg,7.052631578947368,Landscape,high_score,train
570137,570137.jpg,7.242937853107344,Nature,high_score,train
188668,188668.jpg,7.107142857142857,Nature,high_score,train
496065,496065.jpg,7.110726643598616,Landscape,high_score,train
176486,176486.jpg,7.310104529616725,Landscape,high_score,train
526962,526962.jpg,7.370629370629371,Nature,high_score,train
285361,285361.jpg,7.233983286908078,Nature,high_score,train
628312,628312.jpg,7.081632653061225,Architecture,high_score,train
429045,429045.jpg,7.755656108597285,Landscape,high_score,train
267110,267110.jpg,8.31081081081081,Sky,high_score,train
55694,55694.jpg,7.393364928909953,Landscape,high_score,train
623029,623029.jpg,7.2094017094017095,Landscape,high_score,train
684247,684247.jpg,7.035502958579881,Nature,high_score,train
274847,274847.jpg,7.595022624434389,Travel,high_score,train
196108,196108.jpg,7.008196721311475,Landscape,high_score,train
421771,421771.jpg,7.394444444444445,Nature,high_score,train
63588,63588.jpg,7.4935064935064934,Architecture,high_score,train
278902,278902.jpg,7.021052631578947,Architecture,high_score,train
663837,663837.jpg,7.175324675324675,Landscape,high_score,train
204858,204858.jpg,7.0867579908675795,Nature,high_score,train
588879,588879.jpg,7.101010101010101,Rural,high_score,train
581699,581699.jpg,7.047058823529412,Nature,high_score,train
438768,438768.jpg,8.043956043956044,Sky,high_score,train
41389,41389.jpg,7.255813953488372,Architecture,high_score,train
438703,438703.jpg,7.621428571428571,Sky,high_score,train
665807,665807.jpg,7.252124645892351,Landscape,high_score,train
513628,513628.jpg,7.056338028169014,Landscape,high_score,train
258158,258158.jpg,7.057507987220447,Nature,high_score,train
284949,284949.jpg,7.443820224719101,Nature,high_score,train
496781,496781.jpg,7.449438202247191,Landscape,high_score,train
424688,424688.jpg,7.269461077844311,Architecture,high_score,train
49107,49107.jpg,7.026315789473684,Sky,high_score,train
623775,623775.jpg,8.029045643153527,Nature,high_score,train
654436,654436.jpg,7.021459227467811,Landscape,high_score,train
238797,238797.jpg,7.4623115577889445,Landscape,high_score,train
13873,13873.jpg,7.853881278538813,Landscape,high_score,train
438761,438761.jpg,7.285185185185185,Sky,high_score,train
645443,645443.jpg,7.292929292929293,Landscape,high_score,train
618212,618212.jpg,7.092592592592593,Nature,high_score,train
403746,403746.jpg,7.103658536585366,Landscape,high_score,train
573008,573008.jpg,7.108374384236453,Nature,high_score,train
524724,524724.jpg,7.164021164021164,Nature,high_score,train
24200,24200.jpg,7.112903225806452,Rural,high_score,train
399080,399080.jpg,7.121052631578947,Nature,high_score,train
275406,275406.jpg,7.220338983050848,Nature,high_score,train
658084,658084.jpg,7.2444444444444445,Landscape,high_score,train
429277,429277.jpg,8.06392694063927,Architecture,high_score,train
665055,665055.jpg,7.058139534883721,Nature,high_score,train
628315,628315.jpg,7.312236286919831,Landscape,high_score,train
139213,139213.jpg,7.426174496644295,Architecture,high_score,train
285316,285316.jpg,7.059171597633136,Nature,high_score,train
24559,24559.jpg,7.959349593495935,Nature,high_score,train
541023,541023.jpg,7.221105527638191,Landscape,high_score,train
168169,168169.jpg,7.33984375,Landscape,high_score,train
2276,2276.jpg,7.233050847457627,Landscape,high_score,train
501051,501051.jpg,7.041176470588235,Landscape,high_score,train
214450,214450.jpg,7.113013698630137,Sky,high_score,train
41218,41218.jpg,7.7701149425287355,Landscape,high_score,train
680475,680475.jpg,7.34841628959276,Landscape,high_score,train
686325,686325.jpg,7.4860335195530725,Rural,high_score,train
314448,314448.jpg,7.580645161290323,Landscape,high_score,train
46652,46652.jpg,7.21978021978022,Landscape,high_score,train
477483,477483.jpg,7.119318181818182,Nature,high_score,train
52653,52653.jpg,7.0,Rural,high_score,train
665953,665953.jpg,7.186046511627907,Landscape,high_score,train
141122,141122.jpg,7.160714285714286,Landscape,high_score,train
105190,105190.jpg,7.9525,Landscape,high_score,train
55420,55420.jpg,7.235294117647059,Nature,high_score,train
426503,426503.jpg,7.253289473684211,Architecture,high_score,train
42969,42969.jpg,7.5125,Nature,high_score,train
521444,521444.jpg,7.0813953488372094,Nature,high_score,train
60491,60491.jpg,7.737804878048781,Landscape,high_score,train
612780,612780.jpg,7.096774193548387,Landscape,high_score,train
426207,426207.jpg,7.3061224489795915,Landscape,high_score,train
555837,555837.jpg,7.133620689655173,Nature,high_score,train
412170,412170.jpg,7.169014084507042,Nature,high_score,train
119399,119399.jpg,7.155,Landscape,high_score,train
283216,283216.jpg,7.1692307692307695,Nature,high_score,train
638987,638987.jpg,7.181818181818182,Nature,high_score,train
494276,494276.jpg,7.609489051094891,Landscape,high_score,train
281716,281716.jpg,7.079229122055675,Nature,high_score,train
456306,456306.jpg,7.50996015936255,Nature,high_score,train
314785,314785.jpg,7.3053097345132745,Nature,high_score,train
621051,621051.jpg,7.435555555555555,Landscape,high_score,train
117880,117880.jpg,7.031645569620253,Nature,high_score,train
595368,595368.jpg,7.137724550898204,Nature,high_score,train
503282,503282.jpg,7.365168539325842,Landscape,high_score,train
657235,657235.jpg,7.317204301075269,Landscape,high_score,train
478202,478202.jpg,7.254464285714286,Architecture,high_score,train
568248,568248.jpg,7.141891891891892,Rural,high_score,train
373542,373542.jpg,7.0199203187251,Performance,high_score,train
185753,185753.jpg,7.075949367088608,Sky,high_score,train
544223,544223.jpg,7.03960396039604,Sky,high_score,train
382950,382950.jpg,7.675799086757991,Rural,high_score,train
60932,60932.jpg,7.285714285714286,Nature,high_score,train
198803,198803.jpg,7.796078431372549,Nature,high_score,train
11204,11204.jpg,7.041666666666667,Rural,high_score,train
310290,310290.jpg,7.305418719211823,Nature,high_score,train
11054,11054.jpg,7.099502487562189,Landscape,high_score,train
651404,651404.jpg,7.1826484018264845,Landscape,high_score,train
437270,437270.jpg,7.707407407407407,Landscape,high_score,train
273142,273142.jpg,7.321875,Nature,high_score,train
255412,255412.jpg,7.270348837209302,Landscape,high_score,train
419847,419847.jpg,7.308755760368664,Landscape,high_score,train
285064,285064.jpg,7.231671554252199,Nature,high_score,train
602439,602439.jpg,7.32258064516129,Architecture,high_score,train
416191,416191.jpg,7.673076923076923,Landscape,high_score,train
163677,163677.jpg,7.087837837837838,Architecture,high_score,train
370997,370997.jpg,7.662162162162162,Nature,high_score,train
596567,596567.jpg,7.310344827586207,Landscape,high_score,train
648777,648777.jpg,7.048484848484849,Architecture,high_score,train
168621,168621.jpg,7.064,Nature,high_score,train
388857,388857.jpg,7.031128404669261,Nature,high_score,train
164238,164238.jpg,7.052631578947368,Nature,high_score,train
290765,290765.jpg,7.16991643454039,Nature,high_score,train
473551,473551.jpg,7.409574468085107,Landscape,high_score,train
163935,163935.jpg,7.538775510204082,Nature,high_score,train
164990,164990.jpg,7.049418604651163,Rural,high_score,train
60587,60587.jpg,7.03680981595092,Landscape,high_score,train
626541,626541.jpg,7.7682926829268295,Landscape,high_score,train
18435,18435.jpg,7.214876033057851,Nature,high_score,train
18160,18160.jpg,7.528138528138528,Nature,high_score,train
446553,446553.jpg,7.514814814814815,Sky,high_score,train
674135,674135.jpg,7.44,Landscape,high_score,train
429294,429294.jpg,8.043478260869565,Landscape,high_score,train
116820,116820.jpg,7.247967479674797,Sky,high_score,train
504863,504863.jpg,7.606060606060606,Landscape,high_score,train
36020,36020.jpg,7.9411764705882355,Nature,high_score,train
582272,582272.jpg,7.193396226415095,Landscape,high_score,train
388808,388808.jpg,7.599236641221374,Nature,high_score,train
217534,217534.jpg,7.237942122186495,Sky,high_score,train
538091,538091.jpg,7.2781456953642385,Performance,high_score,train
311940,311940.jpg,7.191919191919192,Nature,high_score,train
426272,426272.jpg,7.21,Travel,high_score,train
421705,421705.jpg,7.104972375690608,Architecture,high_score,train
280521,280521.jpg,7.185022026431718,Landscape,high_score,train
109518,109518.jpg,7.321428571428571,Nature,high_score,train
658763,658763.jpg,7.010752688172043,Sky,high_score,train
20269,20269.jpg,7.67741935483871,Travel,high_score,train
268321,268321.jpg,7.1888297872340425,Rural,high_score,train
411886,411886.jpg,7.018604651162791,Landscape,high_score,train
272494,272494.jpg,7.321266968325792,Nature,high_score,train
278080,278080.jpg,7.0041322314049586,Nature,high_score,train
420194,420194.jpg,7.533898305084746,Nature,high_score,train
675543,675543.jpg,7.1615720524017465,Nature,high_score,train
684408,684408.jpg,7.546134663341646,Sky,high_score,train
44981,44981.jpg,7.558620689655172,Nature,high_score,train
668988,668988.jpg,7.203488372093023,Landscape,high_score,train
608557,608557.jpg,7.714912280701754,Performance,high_score,train
20207,20207.jpg,7.153225806451613,Landscape,high_score,train
298624,298624.jpg,7.322259136212624,Landscape,high_score,train
539477,539477.jpg,7.559322033898305,Nature,high_score,train
21089,21089.jpg,7.104,Nature,high_score,train
504752,504752.jpg,7.297297297297297,Landscape,high_score,train
16176,16176.jpg,7.220588235294118,Travel,high_score,train
446104,446104.jpg,7.625,Transportation,high_score,train
447616,447616.jpg,7.025787965616046,Sky,high_score,train
225751,225751.jpg,7.056521739130435,Architecture,high_score,train
677817,677817.jpg,7.223776223776224,Nature,high_score,train
615638,615638.jpg,7.25,Landscape,high_score,train
390970,390970.jpg,7.094420600858369,Sky,high_score,train
365525,365525.jpg,7.135514018691588,Sky,high_score,train
461298,461298.jpg,7.410256410256411,Nature,high_score,train
579707,579707.jpg,7.0754716981132075,Landscape,high_score,train
52835,52835.jpg,7.106280193236715,Sky,high_score,train
448781,448781.jpg,7.180281690140845,Landscape,high_score,train
620831,620831.jpg,7.5394736842105265,Transportation,high_score,train
458301,458301.jpg,7.607142857142857,Architecture,high_score,train
571479,571479.jpg,7.944954128440367,Landscape,high_score,train
137691,137691.jpg,7.133720930232558,Landscape,high_score,train
536593,536593.jpg,7.261744966442953,Nature,high_score,train
420844,420844.jpg,7.468619246861925,Landscape,high_score,train
282280,282280.jpg,7.036649214659686,Sky,high_score,train
587355,587355.jpg,7.038461538461538,Travel,high_score,train
284231,284231.jpg,7.23598820058997,Nature,high_score,train
678485,678485.jpg,7.473913043478261,Sky,high_score,train
176452,176452.jpg,7.613793103448276,Nature,high_score,train
24415,24415.jpg,7.383064516129032,Nature,high_score,train
539142,539142.jpg,7.869565217391305,Sky,high_score,train
102350,102350.jpg,7.693023255813953,Landscape,high_score,train
441710,441710.jpg,7.333333333333333,Landscape,high_score,train
425030,425030.jpg,7.309677419354839,Landscape,high_score,train
547700,547700.jpg,7.380281690140845,Sky,high_score,train
572005,572005.jpg,7.228070175438597,Landscape,high_score,train
6355,6355.jpg,7.185714285714286,Nature,high_score,train
633442,633442.jpg,7.033755274261603,Landscape,high_score,train
65116,65116.jpg,7.0588235294117645,Architecture,high_score,train
678848,678848.jpg,7.39375,Nature,high_score,train
408257,408257.jpg,7.445887445887446,Landscape,high_score,train
178131,178131.jpg,7.10377358490566,Nature,high_score,train
594084,594084.jpg,7.212121212121212,Sky,high_score,train
448525,448525.jpg,7.313725490196078,Sky,high_score,train
307079,307079.jpg,7.404545454545454,Landscape,high_score,train
271660,271660.jpg,7.860986547085202,Landscape,high_score,train
547238,547238.jpg,7.456221198156682,Nature,high_score,train
489306,489306.jpg,7.372950819672131,Architecture,high_score,train
165380,165380.jpg,7.188,Landscape,high_score,train
55938,55938.jpg,8.388059701492537,Performance,high_score,train
566418,566418.jpg,7.054794520547945,Landscape,high_score,train
208619,208619.jpg,7.136842105263158,Nature,high_score,train
452572,452572.jpg,7.192546583850931,Nature,high_score,train
638393,638393.jpg,7.5512195121951216,Nature,high_score,train
519850,519850.jpg,7.347058823529411,Landscape,high_score,train
498343,498343.jpg,7.2027972027972025,Landscape,high_score,train
13569,13569.jpg,7.638297872340425,Landscape,high_score,train
627144,627144.jpg,7.038216560509555,Landscape,high_score,train
602492,602492.jpg,7.865079365079365,Nature,high_score,train
433554,433554.jpg,7.158227848101266,Landscape,high_score,train
474162,474162.jpg,7.214285714285714,Nature,high_score,train
633662,633662.jpg,7.180076628352491,Landscape,high_score,train
580003,580003.jpg,7.095238095238095,Landscape,high_score,train
376033,376033.jpg,7.158102766798419,Transportation,high_score,train
32069,32069.jpg,7.02013422818792,Rural,high_score,train
250956,250956.jpg,7.0497512437810945,Sky,high_score,train
386831,386831.jpg,7.025,Landscape,high_score,train
473436,473436.jpg,8.042105263157895,Landscape,high_score,train
43030,43030.jpg,7.270491803278689,Sky,high_score,train
602219,602219.jpg,7.165094339622642,Rural,high_score,train
472137,472137.jpg,7.5638297872340425,Rural,high_score,train
676133,676133.jpg,7.2343096234309625,Landscape,high_score,train
367747,367747.jpg,7.4739336492890995,Nature,high_score,train
13903,13903.jpg,7.237864077669903,Architecture,high_score,train
66917,66917.jpg,7.1063829787234045,Sky,high_score,train
38476,38476.jpg,7.122699386503068,Nature,high_score,train
580982,580982.jpg,7.143564356435643,Landscape,high_score,train
440026,440026.jpg,7.027906976744186,Nature,high_score,train
254955,254955.jpg,7.2477611940298505,Landscape,high_score,train
116016,116016.jpg,7.078740157480315,Nature,high_score,train
165901,165901.jpg,7.338192419825073,Landscape,high_score,train
488941,488941.jpg,7.0,Landscape,high_score,train
296628,296628.jpg,7.304918032786885,Architecture,high_score,train
55603,55603.jpg,7.040160642570281,Sky,high_score,train
369829,369829.jpg,7.382838283828383,Nature,high_score,train
11505,11505.jpg,7.634408602150538,Architecture,high_score,train
429256,429256.jpg,7.131818181818182,Travel,high_score,train
181017,181017.jpg,7.225352112676056,Landscape,high_score,train
667083,667083.jpg,7.019900497512438,Architecture,high_score,train
467757,467757.jpg,7.154867256637168,Nature,high_score,train
686885,686885.jpg,7.497326203208556,Sky,high_score,train
563300,563300.jpg,7.105263157894737,Landscape,high_score,train
692802,692802.jpg,7.190789473684211,Travel,high_score,train
443640,443640.jpg,7.238888888888889,Landscape,high_score,train
147015,147015.jpg,7.204610951008646,Landscape,high_score,train
252336,252336.jpg,7.214545454545455,Architecture,high_score,train
163945,163945.jpg,7.1980519480519485,Architecture,high_score,train
651131,651131.jpg,7.280442804428044,Nature,high_score,train
36470,36470.jpg,7.142857142857143,Nature,high_score,train
45939,45939.jpg,7.277027027027027,Sky,high_score,train
393234,393234.jpg,7.206060606060606,Architecture,high_score,train
30132,30132.jpg,7.073529411764706,Nature,high_score,train
438474,438474.jpg,7.136531365313653,Sky,high_score,train
574764,574764.jpg,7.084158415841584,Sky,high_score,train
4296,4296.jpg,7.196850393700787,Nature,high_score,train
53666,53666.jpg,7.1030303030303035,Landscape,high_score,train
60505,60505.jpg,7.3090909090909095,Landscape,high_score,train
109643,109643.jpg,7.475247524752476,Nature,high_score,train
260078,260078.jpg,7.263333333333334,Nature,high_score,train
456767,456767.jpg,7.836575875486381,Nature,high_score,train
638137,638137.jpg,7.1768707482993195,Landscape,high_score,train
43093,43093.jpg,7.364806866952789,Sky,high_score,train
574277,574277.jpg,7.246376811594203,Sky,high_score,train
420554,420554.jpg,7.3908629441624365,Landscape,high_score,train
55757,55757.jpg,7.173708920187793,Nature,high_score,train
54688,54688.jpg,7.138121546961326,Landscape,high_score,train
49082,49082.jpg,7.328947368421052,Landscape,high_score,train
426246,426246.jpg,7.892508143322476,Architecture,high_score,train
45700,45700.jpg,7.203947368421052,Sky,high_score,train
372034,372034.jpg,7.085308056872038,Landscape,high_score,train
473409,473409.jpg,7.295454545454546,Landscape,high_score,train
420720,420720.jpg,7.260683760683761,Landscape,high_score,train
147553,147553.jpg,7.3621621621621625,Architecture,high_score,train
6358,6358.jpg,7.9006849315068495,Landscape,high_score,train
53525,53525.jpg,7.131914893617021,Nature,high_score,train
58473,58473.jpg,7.070652173913044,Nature,high_score,train
644329,644329.jpg,7.129166666666666,Nature,high_score,train
591723,591723.jpg,7.042194092827004,Transportation,high_score,train
232816,232816.jpg,7.345098039215686,Nature,high_score,train
635159,635159.jpg,7.246753246753247,Nature,high_score,train
59722,59722.jpg,7.04375,Landscape,high_score,train
188308,188308.jpg,7.072992700729927,Nature,high_score,train
639558,639558.jpg,7.014563106796117,Architecture,high_score,train
409453,409453.jpg,7.043333333333333,Sky,high_score,train
293900,293900.jpg,7.518518518518518,Sky,high_score,train
546495,546495.jpg,7.247706422018348,Landscape,high_score,train
16732,16732.jpg,7.4278606965174125,Architecture,high_score,train
243795,243795.jpg,7.0636363636363635,Transportation,high_score,train
54744,54744.jpg,7.202185792349726,Landscape,high_score,train
406603,406603.jpg,7.419753086419753,Nature,high_score,train
498805,498805.jpg,7.113138686131387,Landscape,high_score,train
38856,38856.jpg,7.18125,Nature,high_score,train
438525,438525.jpg,7.422794117647059,Sky,high_score,train
18759,18759.jpg,7.171428571428572,Nature,high_score,train
521024,521024.jpg,7.361111111111111,Landscape,high_score,train
601203,601203.jpg,7.214285714285714,Landscape,high_score,train
64384,64384.jpg,7.698412698412699,Landscape,high_score,train
578349,578349.jpg,7.8361204013377925,Sky,high_score,train
17953,17953.jpg,7.012711864406779,Nature,high_score,train
31144,31144.jpg,7.200873362445415,Nature,high_score,train
251302,251302.jpg,7.543103448275862,Performance,high_score,train
101801,101801.jpg,7.289592760180995,Landscape,high_score,train
46521,46521.jpg,7.0783582089552235,Sky,high_score,train
438620,438620.jpg,7.092936802973978,Sky,high_score,train
578722,578722.jpg,7.371794871794871,Landscape,high_score,train
18152,18152.jpg,7.096234309623431,Sky,high_score,train
104030,104030.jpg,7.052238805970149,Landscape,high_score,train
271248,271248.jpg,7.222222222222222,Rural,high_score,train
592830,592830.jpg,7.604477611940299,Nature,high_score,train
419500,419500.jpg,7.158730158730159,Landscape,high_score,train
504792,504792.jpg,7.049180327868853,Landscape,high_score,val
637564,637564.jpg,7.101941747572815,Nature,high_score,val
567726,567726.jpg,7.206896551724138,Landscape,high_score,val
411295,411295.jpg,7.064655172413793,Nature,high_score,val
415234,415234.jpg,7.016194331983805,Nature,high_score,val
175666,175666.jpg,7.184357541899441,Nature,high_score,val
11363,11363.jpg,7.3977272727272725,Architecture,high_score,val
619649,619649.jpg,7.075376884422111,Nature,high_score,val
632645,632645.jpg,7.12621359223301,Architecture,high_score,val
445797,445797.jpg,7.048780487804878,Landscape,high_score,val
471043,471043.jpg,7.236994219653179,Landscape,high_score,val
186994,186994.jpg,7.044117647058823,Rural,high_score,val
664024,664024.jpg,7.074766355140187,Landscape,high_score,val
263833,263833.jpg,7.831081081081081,Landscape,high_score,val
631824,631824.jpg,7.041025641025641,Landscape,high_score,val
221537,221537.jpg,7.376,Nature,high_score,val
605727,605727.jpg,7.676691729323308,Landscape,high_score,val
504544,504544.jpg,7.226993865030675,Nature,high_score,val
383358,383358.jpg,7.084848484848485,Sky,high_score,val
11651,11651.jpg,7.381443298969073,Architecture,high_score,val
639441,639441.jpg,7.157635467980295,Sky,high_score,val
66971,66971.jpg,7.552631578947368,Nature,high_score,val
60485,60485.jpg,7.175,Nature,high_score,val
205294,205294.jpg,7.069306930693069,Nature,high_score,val
116340,116340.jpg,7.208835341365462,Landscape,high_score,val
499850,499850.jpg,7.146341463414634,Nature,high_score,val
52353,52353.jpg,7.3649289099526065,Landscape,high_score,val
66991,66991.jpg,7.344086021505376,Sky,high_score,val
265039,265039.jpg,7.075555555555556,Sky,high_score,val
314613,314613.jpg,7.316062176165803,Landscape,high_score,val
38665,38665.jpg,7.484076433121019,Nature,high_score,val
283972,283972.jpg,7.211538461538462,Landscape,high_score,val
399876,399876.jpg,7.397163120567376,Landscape,high_score,val
138916,138916.jpg,7.26605504587156,Landscape,high_score,val
103255,103255.jpg,7.126696832579186,Sky,high_score,val
161133,161133.jpg,7.09375,Nature,high_score,val
55640,55640.jpg,7.267942583732057,Nature,high_score,val
310644,310644.jpg,7.028708133971292,Nature,high_score,val
433427,433427.jpg,7.441717791411043,Landscape,high_score,val
180602,180602.jpg,7.470046082949309,Nature,high_score,val
505063,505063.jpg,7.14410480349345,Landscape,high_score,val
307824,307824.jpg,7.045454545454546,Landscape,high_score,val
479679,479679.jpg,7.178743961352657,Sky,high_score,val
616271,616271.jpg,7.1866666666666665,Nature,high_score,val
477021,477021.jpg,7.662790697674419,Sky,high_score,val
546824,546824.jpg,7.236363636363636,Landscape,high_score,val
113504,113504.jpg,7.563318777292577,Nature,high_score,val
611583,611583.jpg,7.175,Nature,high_score,val
612232,612232.jpg,7.147239263803681,Sky,high_score,val
364994,364994.jpg,7.246200607902735,Architecture,high_score,val
24460,24460.jpg,7.22265625,Architecture,high_score,val
573511,573511.jpg,7.274038461538462,Landscape,high_score,val
11663,11663.jpg,7.376344086021505,Architecture,high_score,val
10188,10188.jpg,7.582914572864322,Travel,high_score,val
426963,426963.jpg,7.070588235294117,Nature,high_score,val
592674,592674.jpg,7.2164179104477615,Nature,high_score,val
426303,426303.jpg,7.444067796610169,Sky,high_score,val
64035,64035.jpg,7.292553191489362,Landscape,high_score,val
6291,6291.jpg,7.519736842105263,Landscape,high_score,val
579716,579716.jpg,7.14375,Landscape,high_score,val
53756,53756.jpg,7.292993630573249,Nature,high_score,val
64270,64270.jpg,7.433155080213904,Nature,high_score,val
497112,497112.jpg,7.207692307692308,Landscape,high_score,val
265065,265065.jpg,7.054187192118227,Nature,high_score,val
52539,52539.jpg,7.079545454545454,Sky,high_score,val
418471,418471.jpg,7.290748898678414,Landscape,high_score,val
274611,274611.jpg,7.162471395881007,Architecture,high_score,val
5693,5693.jpg,7.021739130434782,Landscape,high_score,val
280927,280927.jpg,7.103092783505154,Rural,high_score,val
147604,147604.jpg,7.197222222222222,Architecture,high_score,val
54662,54662.jpg,7.278409090909091,Architecture,high_score,val
121055,121055.jpg,7.089855072463768,Landscape,high_score,val
451028,451028.jpg,7.147308781869689,Landscape,high_score,val
547366,547366.jpg,7.62987012987013,Landscape,high_score,val
365939,365939.jpg,7.003012048192771,Sky,high_score,val
25801,25801.jpg,7.120171673819742,Nature,high_score,val
430337,430337.jpg,7.492063492063492,Architecture,high_score,val
102518,102518.jpg,7.130841121495327,Travel,high_score,val
66692,66692.jpg,7.153846153846154,Landscape,high_score,val
305911,305911.jpg,7.773869346733668,Travel,high_score,val
676609,676609.jpg,7.242009132420091,Sky,high_score,val
28283,28283.jpg,7.396739130434782,Performance,high_score,val
580891,580891.jpg,7.123152709359606,Landscape,high_score,val
451829,451829.jpg,7.181818181818182,Landscape,high_score,val
362367,362367.jpg,7.153846153846154,Nature,high_score,val
426315,426315.jpg,7.577181208053691,Transportation,high_score,val
543042,543042.jpg,7.0,Performance,high_score,val
656862,656862.jpg,7.313492063492063,Architecture,high_score,val
25174,25174.jpg,7.2,Architecture,high_score,val
402861,402861.jpg,7.0852272727272725,Nature,high_score,val
629131,629131.jpg,7.273015873015873,Landscape,high_score,val
445420,445420.jpg,7.606060606060606,Landscape,high_score,val
66986,66986.jpg,7.317708333333333,Landscape,high_score,val
204246,204246.jpg,7.524017467248909,Nature,high_score,val
512664,512664.jpg,7.084821428571429,Landscape,high_score,val
43785,43785.jpg,7.043824701195219,Architecture,high_score,val
50877,50877.jpg,7.009756097560976,Landscape,high_score,val
428009,428009.jpg,7.802690582959642,Architecture,high_score,val
579599,579599.jpg,7.053333333333334,Landscape,high_score,val
684061,684061.jpg,7.6893939393939394,Nature,high_score,val
18921,18921.jpg,7.021739130434782,Landscape,high_score,val
215425,215425.jpg,7.047297297297297,Transportation,high_score,val
381862,381862.jpg,7.060975609756097,Landscape,high_score,val
408224,408224.jpg,7.1880733944954125,Sky,high_score,val
519849,519849.jpg,7.263473053892215,Landscape,high_score,val
664768,664768.jpg,7.024752475247524,Architecture,high_score,val
145790,145790.jpg,7.002906976744186,Architecture,high_score,val
611663,611663.jpg,7.096916299559472,Landscape,high_score,val
10260,10260.jpg,7.040816326530612,Travel,high_score,val
25590,25590.jpg,7.039130434782609,Rural,high_score,val
54542,54542.jpg,7.1550802139037435,Landscape,high_score,val
281626,281626.jpg,7.146868250539957,Landscape,high_score,val
517499,517499.jpg,7.240384615384615,Nature,high_score,val
547809,547809.jpg,7.575757575757576,Landscape,high_score,val
464342,464342.jpg,7.051724137931035,Landscape,high_score,val
433969,433969.jpg,7.082644628099174,Landscape,high_score,val
648622,648622.jpg,7.6453900709219855,Landscape,high_score,val
55586,55586.jpg,7.708333333333333,Landscape,high_score,val
631262,631262.jpg,7.1698841698841695,Architecture,high_score,val
67480,67480.jpg,7.310160427807487,Architecture,high_score,val
631358,631358.jpg,7.01595744680851,Nature,high_score,val
547905,547905.jpg,7.105263157894737,Nature,high_score,val
419299,419299.jpg,7.3983739837398375,Sky,high_score,val
19764,19764.jpg,7.102189781021898,Landscape,high_score,val
676429,676429.jpg,7.157446808510638,Sky,high_score,val
5677,5677.jpg,7.043343653250774,Landscape,high_score,val
615923,615923.jpg,7.225165562913907,Landscape,high_score,val
433213,433213.jpg,7.656441717791411,Nature,high_score,val
571114,571114.jpg,7.073394495412844,Landscape,high_score,val
585747,585747.jpg,7.04390243902439,Nature,high_score,val
552731,552731.jpg,7.329787234042553,Sky,high_score,val
633316,633316.jpg,7.05859375,Architecture,high_score,val
396120,396120.jpg,7.110552763819095,Landscape,high_score,val
18575,18575.jpg,7.161290322580645,Nature,high_score,val
579073,579073.jpg,7.419354838709677,Rural,high_score,val
624833,624833.jpg,7.095808383233533,Landscape,high_score,val
387439,387439.jpg,7.228438228438228,Travel,high_score,val
571814,571814.jpg,7.22,Nature,high_score,val
277249,277249.jpg,7.474654377880184,Nature,high_score,val
521055,521055.jpg,7.232432432432432,Landscape,high_score,val
413029,413029.jpg,7.176136363636363,Nature,high_score,val
187039,187039.jpg,7.07089552238806,Nature,high_score,val
504288,504288.jpg,7.112612612612613,Travel,high_score,val
571678,571678.jpg,7.790909090909091,Landscape,high_score,val
